name,url,description
たんぼの湯,https://www.hida-kankou.jp/reserve/322,"飛騨古川の町並みを散策した後に訪れたい日帰り温泉。
明治期の開湯以来、地元の人々や観光客の疲れを癒し、近年では「子宝の湯」としても評判を呼んでいるという「たんぼの湯」。その最大の魅力は、飛騨古川駅から徒歩3分、飛騨市役所のすぐ隣という絶好のロケーションです。神経痛、リュウマチ、胃腸病、婦人病、冷え性などに効能があるという炭酸鉄泉の湯は赤い色が特徴で、白いタオルが赤茶色に染まるほど。宿泊して、宿自慢の郷土料理を味わってみるのもオススメです。
飛騨市の温泉の一覧はこちら

- 住所: 509-4232岐阜県飛騨市古川町本町2-57
- 電話番号: 0577-73-2014
- 問合せ先: 直通
- アクセス: 飛騨古川駅から徒歩3分
- 営業時間: 16時~19時
- 休業日: 月・日
- 料金: 500円
- 備考: 駐車場あり(8台)

- 周辺でできる体験: 江馬氏が見守る高原郷~本城から下館まで~, 籾糠山のてっぺんから愛を叫ぼう, 飛騨古川観光ガイド, 人力車, 神岡街めぐりコース, 飛騨里山サイクリング:スタンダード, 天生県立自然公園ガイドウォーク, 飛騨クアオルト健康ウォーキング, 広葉樹フォトブロック作り, カッティングボード作り
- 周辺にある飲食店・おみやげ店: 寄合所耕 飛騨古川SHOP, 前田本店, SAVE THE CAT HIDA シェルター, ダイニング笑円, 志摩茶屋, お食事処 匠, Bambi, 日本海の幸 香梅, 新名屋, みちくさ
- このページを見ている人は、こんなページも見ています: ひだコロッケ本舗, 飛騨やまさち工房, ぼっか煮 さわ, 御菓子所 田の下, 古里精肉店, 老田屋, 大坪製菓, 牧成舎, 大久保製菓舗, 大塚由美子(豆つかげ)
- このスポットから近い宿泊施設: たんぼの湯, 料理旅館 初月, 民宿スマイル, IORI GOTO, MOTHER’S HOUSE, 吉城の郷 馬出し橋, SATOYAMA STAY TONOMACHI, 飛騨ともえホテル, 大村屋旅館, FabCafe Hida"
飛騨市森林公園キャンプ場,https://www.hida-kankou.jp/reserve/505,"飛騨古川から車で10分。飛騨の自然を堪能できるスポーツ施設の中にあります。設備はシンプルですがリーズナブルな利用料金で人気のキャンプ場です。夏は木々の緑が鮮やかで、秋には紅葉の中で虫の音を楽しめます。ご予約頂ければナイターが使用できるグラウンド等もご利用頂けます。芝生広場でのピックニックなども好評です。森林公園からウォーキングコースも整備されています。キャンプの食材の仕入れには、2022年7月にオープンした道の駅アルプ飛騨古川内にある飛騨産直市そやながおすすめです。

- 住所: 509-4272岐阜県飛騨市古川町信包733-1
- 電話番号: 0577-75-2901
- ウェブサイト1: https://www.nap-camp.com/gifu/10458
- アクセス: 飛騨古川駅より車で10分
- 営業時間: 4月1日~11月20日
- 料金: 林間サイト基本料金:3,520円/泊(4人まで)

- 周辺でできる体験: 江馬氏が見守る高原郷~本城から下館まで~, 籾糠山のてっぺんから愛を叫ぼう, 飛騨古川観光ガイド, 人力車, 神岡街めぐりコース, 飛騨里山サイクリング:スタンダード, 天生県立自然公園ガイドウォーク, 飛騨クアオルト健康ウォーキング, 広葉樹フォトブロック作り, カッティングボード作り
- 周辺にある飲食店・おみやげ店: 寄合所耕 飛騨古川SHOP, 前田本店, 飛騨こうじ 織勢, 飛騨牛焼肉かをる, 北々工房, 喫茶あん, 居酒屋 源, 味噌煎餅本舗井之廣, ダイニング笑円, 岡田屋
- このページを見ている人は、こんなページも見ています: 御菓子所 田の下, 古里精肉店, 橋本商店, 登林酒店, ほっとする店, 味噌煎餅本舗井之廣, 三寺めぐり朝市, 肉の沖村, 居酒屋 源, 西洋膳処まえだ
- このスポットから近い宿泊施設: 飛騨市森林公園キャンプ場, 飛騨古川ユースホステル, 旬菜の宿 季古里, SATOYAMA STAY NINOMACHI, MOTHER’S HOUSE, 飛騨古川民泊 Vegi garden, FabCafe Hida, たんぼの湯, 大関屋旅館, のとや旅館

- このスポットの関連コラム: 飛騨市のキャンプ場特集!!"
旅館みなべ,https://www.hida-kankou.jp/reserve/481,"神岡の中心を流れる清流”高原川“の川辺に立地しており、川のせせらぎが程よく感じられます。 家庭的な雰囲気で、まるで御自宅にいらっしゃる気分でおくつろぎいただけたらうれしいです。また、川を眺めながらお食事をしていただける様、２００７年夏に改装いたしましたので、より快適にお過ごしいただけると思います。

- 住所: 506-1161岐阜県飛騨市神岡町船津979番地
- 電話番号: 0578-82-0013
- アクセス: ●東海北陸自動車道飛騨清見ICから車で60分 ●北陸自動車道富山ICから車で50分 ●JR高山本線飛騨古川駅からバスで40分(濃飛バス神岡行き バス停神岡町西里下車) => バス停神岡町西里から徒歩で3分
- 料金: 1泊朝食 \6,250円~(税別)素泊まり \5,250円~(税別)
- 備考: Wi-Fi可

- 周辺でできる体験: 江馬氏が見守る高原郷~本城から下館まで~, 籾糠山のてっぺんから愛を叫ぼう, 飛騨古川観光ガイド, 人力車, 神岡街めぐりコース, 飛騨里山サイクリング:スタンダード, 天生県立自然公園ガイドウォーク, 飛騨クアオルト健康ウォーキング, 広葉樹フォトブロック作り, カッティングボード作り
- 周辺にある飲食店・おみやげ店: 寄合所耕 飛騨古川SHOP, 前田本店, 茶屋-maru-, 肉の沖村, 笹巻羊かん本舗 金木戸屋, もりのや, 八兵衛, 飛よし, 峡や, アメリカンベーカリー
- このページを見ている人は、こんなページも見ています: 老田屋, 大坪製菓, はやし, 登林酒店, 神岡朝市クラブ, 笹巻羊かん本舗 金木戸屋, 味噌煎餅本舗井之廣, 三寺めぐり朝市, きのえ(飛騨神岡とんちゃん), 肉の沖村
- このスポットから近い宿泊施設: 旅館みなべ, 茂利旅館, わたや旅館, すみや旅館, 飛騨向月荘, 大岩荘, 国民宿舎 霜出荘, アルペン 流葉, 旅館 新谷荘, 旅館 ナカバヤシ"
FabCafe Hida,https://www.hida-kankou.jp/reserve/372,"モノづくりができる喫茶店兼ゲストハウス。ランチには、飛騨産のトマトをたっぷり使ったハヤシライスや、ベーグルサンドを頂くことができます。月一回、特別ランチを提供していたり、イベントも実施しています。
食事と一緒に、ひだカヌレやクロモジ茶などもオススメです。（テイクアウト可）また、広葉樹でつくる箸、スタンプなど木のものづくり体験もできます。

- 住所: 509-4235岐阜県飛騨市古川町弐之町6-17
- 電話番号: 0577-57-7686
- ウェブサイト1: https://fabcafe.com/hida/
- アクセス: 飛騨古川駅から徒歩8分
- 関連サイト/SNS - 1: https://www.instagram.com/fabcafehida/
- 営業時間: 10:00~16:00
- 休業日: 水曜日
- 備考: 駐車場はありません。飛騨市役所前駐車場などをご利用ください。

- FabCafe Hidaでできる体験: 広葉樹お箸づくり, 広葉樹フォトブロック作り, 広葉樹スタンプ作り, スプーンKit&牧成舎アイス, 「真四角」フォントのFAB升
- 周辺でできる体験: 江馬氏が見守る高原郷~本城から下館まで~, 籾糠山のてっぺんから愛を叫ぼう, 飛騨古川観光ガイド, 人力車, 神岡街めぐりコース, 飛騨里山サイクリング:スタンダード, 天生県立自然公園ガイドウォーク, 飛騨クアオルト健康ウォーキング, 広葉樹フォトブロック作り, カッティングボード作り
- 周辺にある飲食店・おみやげ店: 寄合所耕 飛騨古川SHOP, 前田本店, FabCafe Hida, 大久保製菓舗, 味処古川, 味噌煎餅本舗井之廣, ひだコロッケ本舗, 三寺めぐり朝市, 福全寺蕎麦, 薬草体験施設「ひだ森のめぐみ」
- このページを見ている人は、こんなページも見ています: ひだコロッケ本舗, 飛騨やまさち工房, 御菓子所 田の下, 老田屋, 大坪製菓, 牧成舎, 大久保製菓舗, 大塚由美子(豆つかげ), 船津醤油, 登林酒店
- このスポットから近い宿泊施設: FabCafe Hida, 大関屋旅館, のとや旅館, 吉城の郷 馬出し橋, 民宿スマイル, MOTHER’S HOUSE, SATOYAMA STAY NINOMACHI, SATOYAMA STAY TONOMACHI, 蕪水亭, 料理旅館 初月

- このスポットの関連コラム: 雨の日におすすめの体験&カフェのご紹介, 「ふゆひだバスたびきっぷ」で飛騨を満喫しよう!
- ここに行くモデルコース: 秋の安峰山と飛騨古川満喫の旅, 宇津江四十八滝と飛騨古川散策, 飛騨市の薬草をめぐる癒し旅, 着物でまちあるき 飛騨古川秋の女子旅, 冬の定番!飛騨古川1日満喫日帰りコース, 飛騨古川のド定番!!仲良し女子旅"
なかんじょ川 釣り公園,https://www.hida-kankou.jp/reserve/312,"魚釣りや魚の手づかみなど安心して川遊びがができる人工河川「なかんじょ川」をはじめ、ログハウスのコテージとオートキャンプ場を備えた自然公園で、地元の子どもたちにも大人気のレジャースポット。イワナ・ニジマスなどをワイルドに手づかみで捕ったり、釣り糸を垂らして釣ったりと、小さなお子さんからお年寄りまで、思い思いに川遊びを楽しむことができます。捕った魚をその場で炭火焼きにして頬張れば、心に残る夏の日の大切な思い出になるでしょう。もちろん、魚は持ち帰ることも可能です。ファミリーで、グループで、思う存分自然に親しみ遊びましょう！※事前の予約をお願いします。また、インターネットからのご予約をオススメします。2023年4月29日（土）　　キャンプ場オープン予定　　　ゴールデンウイーク頃　釣り公園オープン予定魚釣りや手づかみのご予約は、「じゃらん予約サイト（魚つかみ体験」
キャンプ場のご予約は、「なかんじょ川宿泊予約」

- 住所: 509-4316岐阜県飛騨市河合町元田1092-2
- 電話番号: 0577-65-2818
- ウェブサイト1: http://www.nakanjokawa.com/
- アクセス: 飛騨古川駅から車で30分駐車場あり
- 営業時間: 釣り公園    5月~9月 9時~16時30分ログハウス   5月~11月キャンプサイト 5月~10月
- 休業日: 火・水定休(祝日・GW・夏休み期間は営業)
- 料金: 入場料(1名)400円(小学生300円)/釣竿セット200円/ニジマス放流(1kg)2,500円/イワナ放流(1kg)3,600円/炭焼代(1匹)150円/腹取り(1匹)50円 ※全て税込価格

- なかんじょ川でできる体験: 魚つかみ体験
- 周辺でできる体験: 江馬氏が見守る高原郷~本城から下館まで~, 籾糠山のてっぺんから愛を叫ぼう, 飛騨古川観光ガイド, 人力車, 神岡街めぐりコース, 飛騨里山サイクリング:スタンダード, 天生県立自然公園ガイドウォーク, 飛騨クアオルト健康ウォーキング, 広葉樹フォトブロック作り, カッティングボード作り
- 周辺にある飲食店・おみやげ店: 寄合所耕 飛騨古川SHOP, 前田本店, 北々工房, 飛騨やまさち工房, Hütte noasobi, 飛騨牛焼肉かをる, 飛騨こうじ 織勢, ぼっか煮 さわ, 道の駅 飛騨古川いぶし, 喫茶あん
- このページを見ている人は、こんなページも見ています: ひだコロッケ本舗, 飛騨やまさち工房, 神岡朝市クラブ, なかき商店, 笹巻羊かん本舗 金木戸屋, 北々工房, ほっとする店, 味噌煎餅本舗井之廣, 三寺めぐり朝市, 肉の沖村
- このスポットから近い宿泊施設: なかんじょ川 釣り公園, アスク山王, やまびこ館, 旬菜の宿 季古里, 飛騨市森林公園キャンプ場, 飛騨古川ユースホステル, 志田旅館, ナチュールみやがわ, SATOYAMA STAY NINOMACHI, MOTHER’S HOUSE

- このスポットの関連コラム: 飛騨市のキャンプ場特集!!"
飛騨まんが王国,https://www.hida-kankou.jp/reserve/502,"国内外の漫画4万2千冊が揃うまんが図書館は、床にねそべったりソファにくつろいだりして自由に読める宿泊施設。隣接の「おんり～湯」は展望風呂、流水歩行浴などがあり、疲れた体を癒してくれます。四季を通して雄大な自然を満喫いただけます。

- 住所: 509-4542岐阜県飛騨市宮川町杉原116
- 電話番号: 0577-62-3259
- ウェブサイト1: http://www.miyagawa.org/
- アクセス: JR高山本線杉原駅より徒歩7分
- 休業日: 木曜日
※2023年1月11日~2023年4月12日は、水曜日も休業
- 料金: 素泊まり \6,300~(税別)1泊2食 \9,000~(税別)

- 周辺でできる体験: 江馬氏が見守る高原郷~本城から下館まで~, 籾糠山のてっぺんから愛を叫ぼう, 飛騨古川観光ガイド, 人力車, 神岡街めぐりコース, 飛騨里山サイクリング:スタンダード, 天生県立自然公園ガイドウォーク, 飛騨クアオルト健康ウォーキング, 広葉樹フォトブロック作り, カッティングボード作り
- 周辺にある飲食店・おみやげ店: 寄合所耕 飛騨古川SHOP, 前田本店, ぼっか煮 さわ, 居酒屋 おらんち, 飛騨地鶏研究クラブ, ビストロ シェ・ボア, 花の家, たからや, 居酒屋真ちゃん, 老田屋
- このページを見ている人は、こんなページも見ています: ひだコロッケ本舗, 御菓子所 田の下, 古里精肉店, 大塚由美子(豆つかげ), ほっとする店, 味噌煎餅本舗井之廣, 三寺めぐり朝市, 飛騨地鶏研究クラブ, きのえ(飛騨神岡とんちゃん), 飛騨牛専門店 祭
- このスポットから近い宿泊施設: 飛騨まんが王国, 民宿ほら, 板倉の宿種蔵, ナチュールみやがわ, 志田旅館, 玉姫高原ロッジ, 山荘志げり, ロッジ トニマックス, ひだ流葉オートキャンプ場, ロッヂ 西山荘"
山之村キャンプ場,https://www.hida-kankou.jp/reserve/483,"山之村キャンプ場及び夕顔の駅は、2023年4月から当面の間休業します。なお、高原の駅（公衆トイレ）は、例年どおり４月末頃に開放予定です。

標高1，000ｍの山間の里・山之村にあるキャンプ場。澄んだ空気の中、川のせせらぎや鳥の声に耳をかたむけ、夜には満天の星空を独り占め。
雄大な北アルプス山麓の大自然に抱かれた静かな空間です。宿泊はオートキャンプサイト、コテージ、バンガローと3つのタイプがあり、毛布やストーブなどのレンタル用品も完備（受付は隣接の「ドライブイン　夕顔の駅」にあります）。
場内には手軽なハイキングコースとして人気のある天蓋山（てんがいさん）の登山口があり登山利用のほか、近隣の山之村牧場を起点に開催される標高1，500ｍ付近の原生林や湿原地帯を専用ガイドの案内で歩く「深洞湿原トレッキングツアー」などのトレッキングの拠点としての利用も便利です。
キャンプ場周辺は標高が高いため、真夏でも朝晩は冷え込みますのでお出での際は長袖のご用意をお忘れなく！

☆車で約5分の山之村牧場や、車で約30分のレールマウンテンバイクGattan Go!!、飛越トンネルを越え有峰林道を経由した有峰湖周辺へのお出かけもオススメ。

- 住所: 506-1104岐阜県飛騨市神岡町森茂1940
- 電話番号: 0578-82-6661
- ウェブサイト1: http://yamanomura-camp.com/
- アクセス: ○飛騨市内よりJR飛騨古川駅から車で約70分(約46km)飛騨市古川町より国道41号線・岐阜県道75号線(神原峠)で神岡町市街地まで。その先国道471号線・大規模林道(山吹峠)経由で神岡町森茂地区まで移動の場合
○高山方面より高山清見道路高山ICより車で約80分(約57km)国道41号線経由で飛騨市古川町へ。そこから岐阜県道75号線(神原峠)で神岡町市街地まで。その先国道471号線・大規模林道(山吹峠)経由で神岡町森茂地区まで移動の場合
○富山方面より北陸自動車道富山ICより車で約90分(約66km)
- 休業日: 毎週月・火曜日(夏休み期間中は無休)
- 料金: 【入場料】大人330円 小人165円【設備等】テント(小)2,200円テント(大)3,300円など。バンガロー・コテージもあります。詳しくは山之村キャンプ場公式ホームページをご覧ください。
- 備考: ○山之村キャンプ場公式ホームページのご予約フォームからもお申し込みいただけますので、ご利用ください。

- 周辺でできる体験: 江馬氏が見守る高原郷~本城から下館まで~, 籾糠山のてっぺんから愛を叫ぼう, 飛騨古川観光ガイド, 人力車, 神岡街めぐりコース, 飛騨里山サイクリング:スタンダード, 天生県立自然公園ガイドウォーク, 飛騨クアオルト健康ウォーキング, 広葉樹フォトブロック作り, カッティングボード作り
- 周辺にある飲食店・おみやげ店: 寄合所耕 飛騨古川SHOP, 前田本店, 天空の牧場 奥飛騨山之村牧場, ひだ小僧, 道の駅宙(スカイ)ドーム神岡, 神岡朝市クラブ, 彩龍華, 麺の清水屋, 喫茶きゃびん, きのえ(飛騨神岡とんちゃん)
- このページを見ている人は、こんなページも見ています: 味噌煎餅本舗井之廣, 三寺めぐり朝市, きのえ(飛騨神岡とんちゃん), 肉の沖村, 割烹 克己, 福全寺蕎麦, つるや食堂, アメリカンベーカリー, たからや, 岡田屋
- このスポットから近い宿泊施設: 山之村キャンプ場, 中井旅館, 飛騨向月荘, すみや旅館, 旅館みなべ, 茂利旅館, わたや旅館, 大岩荘, 国民宿舎 霜出荘, アルペン 流葉"
玉姫高原ロッジ,https://www.hida-kankou.jp/reserve/508,"明るくて暖かくアットホームな感じ。暖かい美味しいボリュームある料理が自慢です。ゲレンデの中にありますので、雪上車にてお迎えに参ります。　心ゆくまでスキーを楽しめる第二ゲレンデ前というベストポジションに位置する当館は、とても、モダンなロッジです。　お仲間とご家族といっしょにお越し下さい。ボリュームいっぱいの料理もお楽しみください。

- 住所: 506-1155岐阜県飛騨市神岡町西858
- 電話番号: 06-6354-2280
- アクセス: 神岡町市街地より8km
古川町より13km
- 料金: 素泊まり 5,000円~(税別)
1泊2食 7,000~円(税別)

- 周辺でできる体験: 江馬氏が見守る高原郷~本城から下館まで~, 籾糠山のてっぺんから愛を叫ぼう, 飛騨古川観光ガイド, 人力車, 神岡街めぐりコース, 飛騨里山サイクリング:スタンダード, 天生県立自然公園ガイドウォーク, 飛騨クアオルト健康ウォーキング, 広葉樹フォトブロック作り, カッティングボード作り
- 周辺にある飲食店・おみやげ店: 寄合所耕 飛騨古川SHOP, 前田本店, 飛騨地鶏研究クラブ, そば処すごう, 大坪製菓, 船津醤油, 老田屋, 古田豆腐店, 花の家, ビストロ シェ・ボア
- このページを見ている人は、こんなページも見ています: ぼっか煮 さわ, はやし, 船津醤油, さか江家食堂, かちや, たからや, 居酒屋Dai, もりのや, 馬場のかどや, 居酒屋なごみ亭
- このスポットから近い宿泊施設: 玉姫高原ロッジ, ロッジ トニマックス, ロッヂ 西山荘, 流葉山荘, 山荘志げり, 温もりの館 千台屋, 旅館 井口荘, 旅館 ナカバヤシ, ひだ流葉オートキャンプ場, 夕焼け色の宿 宗五郎"
茂利旅館,https://www.hida-kankou.jp/reserve/479,"創業より100年以上にわたり、飛騨神岡へお仕事にいらっしゃるお客様にお宿を提供してまいりました。ノーベル賞を受賞された小柴昌俊先生にも、カミオカンデを立ち上げの際には定宿にしていただきました。小柴先生がお泊まりになった和室は、現在もお客様にご利用いただけます。
どこよりもリーズナブルな当館を是非一度ご利用くださいませ。

- 住所: 506-1161岐阜県飛騨市神岡町船津1133
- 電話番号: 0578-82-0026
- アクセス: 船津座より徒歩1分
濃飛バス西里バス停より徒歩1分
- 料金: 素泊まり \5,000円~(税別)
- 備考: インターネットをご利用いただけます。

- 周辺でできる体験: 江馬氏が見守る高原郷~本城から下館まで~, 籾糠山のてっぺんから愛を叫ぼう, 飛騨古川観光ガイド, 人力車, 神岡街めぐりコース, 飛騨里山サイクリング:スタンダード, 天生県立自然公園ガイドウォーク, 飛騨クアオルト健康ウォーキング, 広葉樹フォトブロック作り, カッティングボード作り
- 周辺にある飲食店・おみやげ店: 寄合所耕 飛騨古川SHOP, 前田本店, なかき商店, 登林酒店, 峡や, 茶屋-maru-, 笹巻羊かん本舗 金木戸屋, アメリカンベーカリー, 千成寿司, もりのや
- このページを見ている人は、こんなページも見ています: 古里精肉店, 老田屋, 登林酒店, 神岡朝市クラブ, 笹巻羊かん本舗 金木戸屋, 味噌煎餅本舗井之廣, 三寺めぐり朝市, 肉の沖村, つるや食堂, たからや
- このスポットから近い宿泊施設: 茂利旅館, わたや旅館, すみや旅館, 旅館みなべ, 飛騨向月荘, 大岩荘, 国民宿舎 霜出荘, アルペン 流葉, 旅館 新谷荘, 旅館 ナカバヤシ"
ひだ流葉オートキャンプ場,https://www.hida-kankou.jp/reserve/504,"2023年シーズンのキャンプサイトは、約３㎞程度離れた場所において熊の目撃情報が確認されたため、11月8日(水)以降のキャンプサイトの受け入れは中止になりました。
※なお、コテージは通年営業しています。

雄大な北アルプス連峰を眼前に望む、白樺林に囲まれた本格オートキャンプ場。「飛騨流葉休養園」内にあり、年間を通じて流葉の大自然を満喫することができます。オートキャンプサイトの他、大小のコテージ棟、バーベキュー施設もあるので、テント泊からコテージ泊まで目的に合わせた宿泊が可能。近くにある日帰り温泉施設「流葉温泉 ニュートリノ」で汗を流すのがオススメです。テントやランタン、マットなどのレンタルも可能で、白樺林に囲まれた大自然の中でのんびりとワイルドなキャンプ経験ができるので、小さい子ども連れのファミリーにも人気があります。鉄道の廃線上をマウンテンバイクで走る、アクティビティ「レールマウンテンバイクGattan Go!!」の各コースまで当キャンプ場から車で約10分～20分程度の好立地なのでキャンプの際の昼間のお楽しみメニューにするのもオススメです。

- 住所: 506-1155岐阜県飛騨市神岡町西602-8
- 電話番号: 0578-82-0916
- ウェブサイト1: http://hida-nagareha.com/
- アクセス: 〔高山方面より〕・東海北陸道飛騨清見ICより40分・高山清見道路高山ICより40分〔富山方面より〕北陸道富山ICより60分〔飛騨市内より〕JR飛騨古川駅より車で20分
- 料金: 〔入場料〕大人500円 小人300円〔設備等〕キャンプサイト:5,500円   コテージ:14,000円~

- 周辺でできる体験: 江馬氏が見守る高原郷~本城から下館まで~, 籾糠山のてっぺんから愛を叫ぼう, 飛騨古川観光ガイド, 人力車, 神岡街めぐりコース, 飛騨里山サイクリング:スタンダード, 天生県立自然公園ガイドウォーク, 飛騨クアオルト健康ウォーキング, 広葉樹フォトブロック作り, カッティングボード作り
- 周辺にある飲食店・おみやげ店: 寄合所耕 飛騨古川SHOP, 前田本店, 飛騨地鶏研究クラブ, そば処すごう, 大坪製菓, 船津醤油, 老田屋, 古田豆腐店, 花の家, ビストロ シェ・ボア
- このページを見ている人は、こんなページも見ています: 神岡朝市クラブ, 北々工房, 味噌煎餅本舗井之廣, 三寺めぐり朝市, 後藤酒店, 福全寺蕎麦, そば処すごう, 飛騨牛焼肉かをる, カノコヤ~ Kanokoya Coffee & Waffles~, 蕪水亭OHAKO
- このスポットから近い宿泊施設: ひだ流葉オートキャンプ場, 山荘志げり, ロッヂ 西山荘, 玉姫高原ロッジ, ロッジ トニマックス, 流葉山荘, 温もりの館 千台屋, 旅館 井口荘, 旅館 ナカバヤシ, 夕焼け色の宿 宗五郎

- このスポットの関連コラム: 飛騨市のキャンプ場特集!!
- ここに行くモデルコース: 元気いっぱい!自然とアクティビティ満喫の2日間"
ロッジ トニマックス,https://www.hida-kankou.jp/reserve/509,"玉姫高原ロッジの姉妹館です。 ひだ流葉スキー場、アルテアゲレンデとベガゲレンデの中心に立地しているため、とても便利です。 若者向けの明るいロッジです。

- 住所: 506-1154岐阜県飛騨市神岡町西757
- 電話番号: 06-6354-2280
- アクセス: 神岡町市街地より8km
古川町より13km
- 休業日: 冬季のみ営業
- 料金: 素泊まり \5,000~1泊2食  \7,000~

- 周辺でできる体験: 江馬氏が見守る高原郷~本城から下館まで~, 籾糠山のてっぺんから愛を叫ぼう, 飛騨古川観光ガイド, 人力車, 神岡街めぐりコース, 飛騨里山サイクリング:スタンダード, 天生県立自然公園ガイドウォーク, 飛騨クアオルト健康ウォーキング, 広葉樹フォトブロック作り, カッティングボード作り
- 周辺にある飲食店・おみやげ店: 寄合所耕 飛騨古川SHOP, 前田本店, 飛騨地鶏研究クラブ, そば処すごう, 大坪製菓, 船津醤油, 老田屋, 古田豆腐店, 花の家, ビストロ シェ・ボア
- このページを見ている人は、こんなページも見ています: なかき商店, パティスリーマツキ, 古田豆腐店, 居酒屋 源, お食事処 匠, teppan&sushi 千, 福全寺蕎麦, 八兵衛, かちや, もりのや
- このスポットから近い宿泊施設: ロッジ トニマックス, ロッヂ 西山荘, 玉姫高原ロッジ, 流葉山荘, 山荘志げり, 温もりの館 千台屋, 旅館 井口荘, 旅館 ナカバヤシ, ひだ流葉オートキャンプ場, 夕焼け色の宿 宗五郎"
大関屋旅館,https://www.hida-kankou.jp/reserve/485,"徒歩でJR飛騨古川駅から7分、まつり広場より徒歩3分の好立地。老女将が切り盛りする昔からの商人宿で、老女将が飛騨の昔ながらの料理を心を込めて提供します。枯山水の庭には古川の象徴でもある鯉のオブジェが泳いでいます。ビジネスプラン対応可。素泊まり、御一人様も歓迎します。

- 住所: 509-4235岐阜県飛騨市古川町弐之町6-15
- 電話番号: 0577-73-2107
- アクセス: JR古川駅より徒歩7分
- 料金: 素泊まり \4,000(税別)1泊2食 \8,000(税別)
- 備考: Wi-Fi可クレジットカード不可

- 周辺でできる体験: 江馬氏が見守る高原郷~本城から下館まで~, 籾糠山のてっぺんから愛を叫ぼう, 飛騨古川観光ガイド, 人力車, 神岡街めぐりコース, 飛騨里山サイクリング:スタンダード, 天生県立自然公園ガイドウォーク, 飛騨クアオルト健康ウォーキング, 広葉樹フォトブロック作り, カッティングボード作り
- 周辺にある飲食店・おみやげ店: 寄合所耕 飛騨古川SHOP, 前田本店, FabCafe Hida, 大久保製菓舗, 味処古川, 薬草体験施設「ひだ森のめぐみ」, 味噌煎餅本舗井之廣, ひだコロッケ本舗, 三寺めぐり朝市, 福全寺蕎麦
- このページを見ている人は、こんなページも見ています: ひだコロッケ本舗, 古里精肉店, ほっとする店, 味噌煎餅本舗井之廣, 三寺めぐり朝市, 後藤酒店, 西洋膳処まえだ, 福全寺蕎麦, そば処すごう, 蕎麦正なかや
- このスポットから近い宿泊施設: 大関屋旅館, FabCafe Hida, のとや旅館, 吉城の郷 馬出し橋, 民宿スマイル, 蕪水亭, SATOYAMA STAY TONOMACHI, MOTHER’S HOUSE, SATOYAMA STAY NINOMACHI, IORI SETOGAWA

- ここに行くモデルコース: 家族で囲む飛騨牛のすき焼きとスキーの旅"
八ツ三館,https://www.hida-kankou.jp/reserve/467,"八ツ三館は明治38年築の国の登録有形文化財に指定されている招月楼、全室に囲炉裏のある観月楼、露天風呂付きスイートの光月楼があります。
豊かな飛騨の山の幸と、日本海直送の海の幸、飛騨ならではの宮川で獲れる川魚等の季節の素材でおもてなし致します。　また趣の異なる様々なお風呂で旅の疲れを癒していただけます。

- 住所: 509-4241岐阜県飛騨市古川町向町1-8-27
- 電話番号: 0577-73-2121
- ウェブサイト1: https://www.823kan.com/
- アクセス: JR高山本線 飛騨古川駅より徒歩8分
東海北陸自動車道 飛騨清見ICより卯の花街道経由で約20分
- 営業時間: チェックイン15:00
チェックアウト10:00
- 料金: 1泊2食 20,520円~(税別)
- 部屋数: 18室
- 温泉・お風呂: 流葉温泉の運び湯
- 備考: Wi-Fi有クレジットカード可

- 周辺でできる体験: 江馬氏が見守る高原郷~本城から下館まで~, 籾糠山のてっぺんから愛を叫ぼう, 飛騨古川観光ガイド, 人力車, 神岡街めぐりコース, 飛騨里山サイクリング:スタンダード, 天生県立自然公園ガイドウォーク, 飛騨クアオルト健康ウォーキング, 広葉樹フォトブロック作り, カッティングボード作り
- 周辺にある飲食店・おみやげ店: 寄合所耕 飛騨古川SHOP, 前田本店, 二十四, えん, カノコヤ~ Kanokoya Coffee & Waffles~, ソヤ畦畑, 日根野美術館&Cafe, 壱之町珈琲店, ほっとする店, 古里精肉店
- このページを見ている人は、こんなページも見ています: ひだコロッケ本舗, ぼっか煮 さわ, 御菓子所 田の下, 古里精肉店, 老田屋, 大坪製菓, 牧成舎, 大久保製菓舗, 大塚由美子(豆つかげ), 橋本商店
- このスポットから近い宿泊施設: 八ツ三館, IORI ICHINOMACHI, IORI KAWANAKA, IORI SETOGAWA, SATOYAMA STAY TONOMACHI, 吉城の郷 馬出し橋, 蕪水亭, 民宿スマイル, のとや旅館, 飛騨ともえホテル

- このスポットの関連コラム: 飛騨牛を堪能しよう!
- ここに行くモデルコース: 1泊2日の飛騨高山とガッタンゴーで飛騨を満喫, 隠れた2大名所!?世界遺産五箇山と飛騨古川を巡る旅, 名古屋から車で!秋の飛騨観光スポット巡りツアー, 1泊2日秋の安峰山登山と新穂高ロープウェイの旅, 着物で過ごすふたりのための上質な旅, 1泊2日の高山散策と飛騨古川の自然を楽しむ旅, 関西からワイドビューで!1泊2日飛騨を満喫, 山と海の幸を両方味わう!北陸新幹線で行く飛騨古川の旅, HC85系で行く!1泊2日冬の飛騨路満喫旅"
のとや旅館,https://www.hida-kankou.jp/reserve/487,"明治末期創業の旅人宿。自家製コシヒカリの美味しいご飯と、季節の野菜の素朴な手料理が自慢です。飛騨古川駅から約7分で町の中心にあり、交通・観光にも便利です。起し太鼓の順路であるのも魅力です。観光でのご利用はもちろん、ビジネス料金のご相談も受け付けています。

- 住所: 509-4235岐阜県飛騨市古川町弐之町6-13
- 電話番号: 0577-73-2303
- アクセス: JR古川駅より徒歩7分
- 料金: 素泊まり \4,000(税別)1泊2食 \7 500 (税別)
- 備考: Wi-Fi可クレジットカード不可

- 周辺でできる体験: 江馬氏が見守る高原郷~本城から下館まで~, 籾糠山のてっぺんから愛を叫ぼう, 飛騨古川観光ガイド, 人力車, 神岡街めぐりコース, 飛騨里山サイクリング:スタンダード, 天生県立自然公園ガイドウォーク, 飛騨クアオルト健康ウォーキング, 広葉樹フォトブロック作り, カッティングボード作り
- 周辺にある飲食店・おみやげ店: 寄合所耕 飛騨古川SHOP, 前田本店, 大久保製菓舗, FabCafe Hida, 薬草体験施設「ひだ森のめぐみ」, 蕎麦正なかや, 味処古川, 渡辺酒造店, ひだコロッケ本舗, 三寺めぐり朝市
- このページを見ている人は、こんなページも見ています: 古里精肉店, 牧成舎, 登林酒店, なかき商店, 味噌煎餅本舗井之廣, 三寺めぐり朝市, パティスリーマツキ, 後藤酒店, 割烹 克己, 飛騨牛専門店 祭
- このスポットから近い宿泊施設: のとや旅館, 大関屋旅館, FabCafe Hida, 吉城の郷 馬出し橋, 民宿スマイル, SATOYAMA STAY TONOMACHI, 蕪水亭, IORI SETOGAWA, 料理旅館 初月, MOTHER’S HOUSE"
ナチュールみやがわ,https://www.hida-kankou.jp/reserve/299,"キッチン、バス、トイレ付きのコテージをはじめ、体験農園、創作工房　バーベキューハウスなどを併設したコテージ専用キャンプ場の「ナチュールみやがわ」。別荘気分を味わうことができるコテージは独立性が高く、家族やグループの利用にピッタリ。大自然の中でゆったりとくつろぎの時間を過ごすことができます。

- 住所: 岐阜県飛騨市宮川町西忍135
- 電話番号: 0577-63-2195
- ウェブサイト1: http://www.miyagawa.org/natule/
- アクセス: 東海北陸自動車道飛騨清見ICより車で約60分飛騨古川駅より車で30分
- 営業時間: 4月下旬~11月下旬9:00~18:00(電話受付時間)
※2023年11月19日(日)までの営業
- 休業日: 不定休
- 料金: 1棟5名~ \25,000~
- 備考: 駐車場あり

- 周辺でできる体験: 江馬氏が見守る高原郷~本城から下館まで~, 籾糠山のてっぺんから愛を叫ぼう, 飛騨古川観光ガイド, 人力車, 神岡街めぐりコース, 飛騨里山サイクリング:スタンダード, 天生県立自然公園ガイドウォーク, 飛騨クアオルト健康ウォーキング, 広葉樹フォトブロック作り, カッティングボード作り
- 周辺にある飲食店・おみやげ店: 寄合所耕 飛騨古川SHOP, 前田本店, ぼっか煮 さわ, 飛騨やまさち工房, そば処すごう, 飛騨牛焼肉かをる, 飛騨こうじ 織勢, 北々工房, kino workshop, 飛騨地鶏研究クラブ
- このページを見ている人は、こんなページも見ています: 大塚由美子(豆つかげ), 橋本商店, 北々工房, 三寺めぐり朝市, 後藤酒店, そば処すごう, 飛騨ともえホテル 起し太鼓茶屋, 川甚亭, 花の家, 志摩茶屋
- このスポットから近い宿泊施設: ナチュールみやがわ, 志田旅館, 板倉の宿種蔵, 旅館 池田荘, みどり館, ペンションYOU, 館弥兵衛, すごうビレッジ修徒館, ひだ流葉オートキャンプ場, 山荘志げり

- このスポットの関連コラム: 飛騨市のキャンプ場特集!!"
アスク山王,https://www.hida-kankou.jp/reserve/376,"2023年４月1日（土）オープン！
アスク山王は和風から洋風まで個性あふれる特徴と、大自然の懐にいだかれた静かな環境にある１戸建てコテージです。室内は冷暖房、バス、トイレ、テレビ、冷蔵庫、レンジ、台所用品当完備され食材の持込が可能ですが、予約による対応も致します。
周囲は山と渓流に囲まれたのどかな田舎の自然が楽しむことができ、心休まる雰囲気を育ませてくれます。アウトドアに最適な施設として会社の仲間、家族旅行、友達との御利用に適しています。
※団体および長期滞在の御利用は格安提供いたしますので御相談下さい。

- 住所: 509-4312岐阜県飛騨市河合町稲越1613
- 電話番号: 0577-65-2366
- ウェブサイト1: http://www.yamabikokan.com/ask/
- アクセス: 飛騨高山から車で約50分白川郷から1時間10分富山市から1時間10分名古屋から2時間30分送迎あり(条件あり)
- 営業時間: 4月から11月末までチェックイン15:00よりチェックアウト10:00まで
- 料金: 1棟(4~5名)\19,500(税込)6名以上の場合は1名につき+\1,000(税込)

- 周辺でできる体験: 江馬氏が見守る高原郷~本城から下館まで~, 籾糠山のてっぺんから愛を叫ぼう, 飛騨古川観光ガイド, 人力車, 神岡街めぐりコース, 飛騨里山サイクリング:スタンダード, 天生県立自然公園ガイドウォーク, 飛騨クアオルト健康ウォーキング, 広葉樹フォトブロック作り, カッティングボード作り
- 周辺にある飲食店・おみやげ店: 寄合所耕 飛騨古川SHOP, 前田本店, Hütte noasobi, 北々工房, 飛騨牛焼肉かをる, 飛騨やまさち工房, 飛騨こうじ 織勢, 道の駅 飛騨古川いぶし, 喫茶あん, 味噌煎餅本舗井之廣
- このページを見ている人は、こんなページも見ています: 麺の清水屋, 大坪製菓, 橋本商店, 北々工房, ビストロ シェ・ボア, 居酒屋 おらんち, Shinanoya, 天空の牧場 奥飛騨山之村牧場, 天生県立自然公園, 飛騨の匠文化館
- このスポットから近い宿泊施設: アスク山王, やまびこ館, なかんじょ川 釣り公園, 旬菜の宿 季古里, 飛騨市森林公園キャンプ場, 飛騨古川ユースホステル, SATOYAMA STAY NINOMACHI, MOTHER’S HOUSE, 蕪水亭, FabCafe Hida

- このスポットの関連コラム: 飛騨市のキャンプ場特集!!"
大村屋旅館,https://www.hida-kankou.jp/reserve/488,"JR飛騨古川駅のすぐ前に位置し、飛騨観光の拠点に便利です。おいしい家庭料理で、古川の時と心をお楽しみください。観光にビジネスにお気軽にご利用ください。皆様のお越しを心よりお待ち致しております。

- 住所: 509-4225岐阜県飛騨市古川町金森町10-40
- 電話番号: 0577-73-2787
- アクセス: JR飛騨古川駅すぐ前
- 料金: 素泊まり \4,500~(税込)1泊朝食 \6,000~(税込)
- 備考: Wi-Fi可クレジットカード不可

- 周辺でできる体験: 江馬氏が見守る高原郷~本城から下館まで~, 籾糠山のてっぺんから愛を叫ぼう, 飛騨古川観光ガイド, 人力車, 神岡街めぐりコース, 飛騨里山サイクリング:スタンダード, 天生県立自然公園ガイドウォーク, 飛騨クアオルト健康ウォーキング, 広葉樹フォトブロック作り, カッティングボード作り
- 周辺にある飲食店・おみやげ店: 寄合所耕 飛騨古川SHOP, 前田本店, 後藤酒店, さか江家食堂, 喜楽, 居酒屋 味蕾, 居酒屋なごみ亭, 飛騨ともえホテル 起し太鼓茶屋, 浪花, 割烹 克己
- このページを見ている人は、こんなページも見ています: 麺の清水屋, 大塚由美子(豆つかげ), 橋本商店, 登林酒店, なかき商店, 三寺めぐり朝市, 古田豆腐店, 肉の沖村, 後藤酒店, 浪花
- このスポットから近い宿泊施設: 大村屋旅館, 飛騨ともえホテル, IORI GOTO, 料理旅館 初月, SATOYAMA STAY TONOMACHI, 民宿スマイル, IORI SETOGAWA, 吉城の郷 馬出し橋, IORI KAWANAKA, IORI ICHINOMACHI"
飛騨ともえホテル,https://www.hida-kankou.jp/reserve/517,"館内すべてにわたって木をふんだんに使い季節を感ずる空間づくり、しっとりと落ち着いたお部屋のムードづくりを心掛けました。お食事は昔懐かしい囲炉裏を囲んで、飛騨の旬の食材、伝統料理を心ゆくまで楽しんでいただきます。

- 住所: 509-4225岐阜県飛騨市古川町金森町10-27
- 電話番号: 0577-73-2056
- ウェブサイト1: https://www.tomoe-jp.com/
- アクセス: JR飛騨古川駅より徒歩2分
- 料金: 素泊まり  6,480円~(税込)1泊2食 8,640円~ (税込)
- 備考: Wi-Fi可 クレジットカード可 ペット可(ケージに入る小動物のみ)

- 周辺でできる体験: 江馬氏が見守る高原郷~本城から下館まで~, 籾糠山のてっぺんから愛を叫ぼう, 飛騨古川観光ガイド, 人力車, 神岡街めぐりコース, 飛騨里山サイクリング:スタンダード, 天生県立自然公園ガイドウォーク, 飛騨クアオルト健康ウォーキング, 広葉樹フォトブロック作り, カッティングボード作り
- 周辺にある飲食店・おみやげ店: 寄合所耕 飛騨古川SHOP, 前田本店, 飛騨ともえホテル 起し太鼓茶屋, 居酒屋 味蕾, 喜楽, 居酒屋なごみ亭, 割烹 克己, teppan&sushi 千, 西洋膳処まえだ, さか江家食堂
- このページを見ている人は、こんなページも見ています: ひだコロッケ本舗, 麺の清水屋, 橋本商店, 三寺めぐり朝市, 割烹 克己, 西洋膳処まえだ, 壱之町珈琲店, teppan&sushi 千, 福全寺蕎麦, さか江家食堂
- このスポットから近い宿泊施設: 飛騨ともえホテル, 大村屋旅館, IORI GOTO, 料理旅館 初月, SATOYAMA STAY TONOMACHI, IORI SETOGAWA, 民宿スマイル, 吉城の郷 馬出し橋, IORI KAWANAKA, IORI ICHINOMACHI"
MOTHER’S HOUSE,https://www.hida-kankou.jp/reserve/522,"歴史ある古民家をリノベーションした、囲炉裏が特徴の温かみのあるゲストハウスです。懐かしさのある町屋の雰囲気を味わえます。お部屋は和室にお布団をご用意しております。２歳からお泊りいただけるので、ご家族でのお泊りにもぴったりです。

- 住所: 岐阜県飛騨市古川町末広町2-14
- 電話番号: 090-6924-2880
- ウェブサイト1: https://www.facebook.com/mothershouse1004/
- 料金: 1名1泊4,000円~(税別)
- 備考: Wi-Fi有クレジットカード不可

- 周辺でできる体験: 江馬氏が見守る高原郷~本城から下館まで~, 籾糠山のてっぺんから愛を叫ぼう, 飛騨古川観光ガイド, 人力車, 神岡街めぐりコース, 飛騨里山サイクリング:スタンダード, 天生県立自然公園ガイドウォーク, 飛騨クアオルト健康ウォーキング, 広葉樹フォトブロック作り, カッティングボード作り
- 周辺にある飲食店・おみやげ店: 寄合所耕 飛騨古川SHOP, 前田本店, 岡田屋, タスパDEシャングリラ, 味噌煎餅本舗井之廣, 味処古川, お食事処 匠, ひだコロッケ本舗, 三寺めぐり朝市, 福全寺蕎麦
- このページを見ている人は、こんなページも見ています: ひだコロッケ本舗, 御菓子所 田の下, 神岡朝市クラブ, 北々工房, ソヤ畦畑, 割烹 克己, 西洋膳処まえだ, 福全寺蕎麦, 飛騨ともえホテル 起し太鼓茶屋, かちや
- このスポットから近い宿泊施設: MOTHER’S HOUSE, SATOYAMA STAY NINOMACHI, FabCafe Hida, 大関屋旅館, のとや旅館, たんぼの湯, 民宿スマイル, 吉城の郷 馬出し橋, 料理旅館 初月, IORI GOTO"
料理旅館 初月,https://www.hida-kankou.jp/reserve/468,"飛騨の美しい四季折々の川と山々の素材を使用した昔ながらの在郷料理に、古川の町の時の流れをゆっくりとお楽しみいただき、おくつろぎいただけるよう心を込めておもてなししたい田舎の宿です。皆様のおいでを心よりお待ちいたしております。

- 住所: 岐阜県飛騨市古川町金森町11-15
- 電話番号: 0577-73-2063
- アクセス: JR飛騨古川駅から徒歩3分
- 料金: 1泊朝食 \7,150円~(税込)1泊2食 \13,200円(税込)
- 備考: Wi-Fi有クレジットカード不可

- 周辺でできる体験: 江馬氏が見守る高原郷~本城から下館まで~, 籾糠山のてっぺんから愛を叫ぼう, 飛騨古川観光ガイド, 人力車, 神岡街めぐりコース, 飛騨里山サイクリング:スタンダード, 天生県立自然公園ガイドウォーク, 飛騨クアオルト健康ウォーキング, 広葉樹フォトブロック作り, カッティングボード作り
- 周辺にある飲食店・おみやげ店: 寄合所耕 飛騨古川SHOP, 前田本店, 居酒屋 長八, 山腰楼, 西洋膳処まえだ, Shinanoya, ヒダノオクブルワリー, つるや食堂, みちくさ, 居酒屋なごみ亭
- このページを見ている人は、こんなページも見ています: 大久保製菓舗, 橋本商店, 登林酒店, ほっとする店, 三寺めぐり朝市, 割烹 克己, 居酒屋 源, 浪花, 飛騨牛専門店 祭, 西洋膳処まえだ
- このスポットから近い宿泊施設: 料理旅館 初月, IORI GOTO, 民宿スマイル, 吉城の郷 馬出し橋, SATOYAMA STAY TONOMACHI, 飛騨ともえホテル, IORI SETOGAWA, 大村屋旅館, IORI KAWANAKA, たんぼの湯"
ロッヂ 西山荘,https://www.hida-kankou.jp/reserve/495,"ロッジ西山荘はひだ流葉スキー場のゲレンデ内の好立地、玄関から滑り出せる便利さです。広大なスキーエリアと抜群の雪質、目の前に広がる雄大な北アルプスの展望とともにお楽しみいただけます。スキー合宿やスキー修学旅行も十数年来ご利用される学校やサークルもあり特にボリューム満点がモットーのお食事は好評を得ています。グリーンシーズンには、サッカー、ラグビー等のスポーツ合宿、文科系合宿をはじめ、小学生から大学生まで毎夏たくさんのお客様にご利用頂き、朝晩のクーラー不要の涼しさとあふれるばかりの緑、おいしい水とさわやかな空気で喜んでいただいています。ウインターシーズン、グリーンシーズン、それぞれに快適に過ごしていただけます様スタッフ一同心よりお待ちいたしております。

- 住所: 506-1154岐阜県飛騨市神岡町西850
- 電話番号: 0578-82-0974
- アクセス: 神岡町市街地より8km古川町より13km
- 料金: 素泊まり \5,000~(税別)1泊2食  \7,000~(税別)

- 周辺でできる体験: 江馬氏が見守る高原郷~本城から下館まで~, 籾糠山のてっぺんから愛を叫ぼう, 飛騨古川観光ガイド, 人力車, 神岡街めぐりコース, 飛騨里山サイクリング:スタンダード, 天生県立自然公園ガイドウォーク, 飛騨クアオルト健康ウォーキング, 広葉樹フォトブロック作り, カッティングボード作り
- 周辺にある飲食店・おみやげ店: 寄合所耕 飛騨古川SHOP, 前田本店, 飛騨地鶏研究クラブ, そば処すごう, 大坪製菓, 船津醤油, 老田屋, 古田豆腐店, 花の家, ビストロ シェ・ボア
- このページを見ている人は、こんなページも見ています: 御菓子所 田の下, 福全寺蕎麦, そば処すごう, たからや, 花の家, 千成寿司, えん, 天空の牧場 奥飛騨山之村牧場, 道の駅 アルプ飛騨古川, ひだ流葉スキー場
- このスポットから近い宿泊施設: ロッヂ 西山荘, ロッジ トニマックス, 玉姫高原ロッジ, 流葉山荘, 山荘志げり, 温もりの館 千台屋, 旅館 井口荘, 旅館 ナカバヤシ, ひだ流葉オートキャンプ場, 夕焼け色の宿 宗五郎"
中井旅館,https://www.hida-kankou.jp/reserve/520,"渓流釣りや北ノ俣・天蓋山への登山のための宿は山之村では唯一の旅館がこちらです。また、山之村牧場での動物と触れ合うこともでき、夏でもかなり涼しく、空気がおいしい天空の宿でゆっくり過ごしてみませんか？
極寒の冬は、山之村名物の寒干し大根も玄関先でみることができます。

- 住所: 506-1107岐阜県飛騨市神岡町下之本208
- 電話番号: 0578-82-5726
- アクセス: 神岡町市街地より約40分
- 料金: 素泊まり \4,000~1泊2食  \9,000~
- 備考: バリアフリー

- 周辺でできる体験: 江馬氏が見守る高原郷~本城から下館まで~, 籾糠山のてっぺんから愛を叫ぼう, 飛騨古川観光ガイド, 人力車, 神岡街めぐりコース, 飛騨里山サイクリング:スタンダード, 天生県立自然公園ガイドウォーク, 飛騨クアオルト健康ウォーキング, 広葉樹フォトブロック作り, カッティングボード作り
- 周辺にある飲食店・おみやげ店: 寄合所耕 飛騨古川SHOP, 前田本店, 天空の牧場 奥飛騨山之村牧場, ひだ小僧, 道の駅宙(スカイ)ドーム神岡, 神岡朝市クラブ, 彩龍華, 肉の沖村, 喫茶きゃびん, きのえ(飛騨神岡とんちゃん)
- このページを見ている人は、こんなページも見ています: ひだコロッケ本舗, 飛騨やまさち工房, 麺の清水屋, 神岡朝市クラブ, 肉の沖村, 居酒屋 源, 山腰楼, 彩龍華, 茶屋-maru-, 味処古川
- このスポットから近い宿泊施設: 中井旅館, 山之村キャンプ場, すみや旅館, 旅館みなべ, 茂利旅館, 飛騨向月荘, わたや旅館, 大岩荘, 国民宿舎 霜出荘, アルペン 流葉"
すみや旅館,https://www.hida-kankou.jp/reserve/500,"北アルプスを源に流れる神岡町内の藤波八丁とよばれる渓谷を抜けると川幅も広くなった所に築80年の当館があります。当時より料理旅館として地域の皆様にご利用いただいていますが、近年鮎釣りの季節を迎えますと釣り天狗の皆様にも多くご利用いただいています。主にビジネスのお客様に宿泊いただいていますが、夕食、朝食に心をこめており、おいしいもの、新鮮なものと心を込めて御作り致しております。古い日本旅館ですが、リラックスした気持ちでお泊まりいただければなによりと思っております。

- 住所: 506-1161岐阜県飛騨市神岡町船津1318-12
- 電話番号: 0578-82-0050
- アクセス: 濃飛バス神岡停留所より徒歩1分
- 料金: 8,400円~

- 周辺でできる体験: 江馬氏が見守る高原郷~本城から下館まで~, 籾糠山のてっぺんから愛を叫ぼう, 飛騨古川観光ガイド, 人力車, 神岡街めぐりコース, 飛騨里山サイクリング:スタンダード, 天生県立自然公園ガイドウォーク, 飛騨クアオルト健康ウォーキング, 広葉樹フォトブロック作り, カッティングボード作り
- 周辺にある飲食店・おみやげ店: 寄合所耕 飛騨古川SHOP, 前田本店, たからや, 居酒屋真ちゃん, なかき商店, 登林酒店, 峡や, 茶屋-maru-, 笹巻羊かん本舗 金木戸屋, 千成寿司
- このページを見ている人は、こんなページも見ています: 老田屋, 船津醤油, 笹巻羊かん本舗 金木戸屋, ほっとする店, きのえ(飛騨神岡とんちゃん), パティスリーマツキ, 福全寺蕎麦, そば処すごう, さか江家食堂, アメリカンベーカリー
- このスポットから近い宿泊施設: すみや旅館, 茂利旅館, わたや旅館, 旅館みなべ, 飛騨向月荘, 大岩荘, 国民宿舎 霜出荘, アルペン 流葉, 旅館 新谷荘, 旅館 ナカバヤシ"
わたや旅館,https://www.hida-kankou.jp/reserve/480,"主に短期間の仕事にいらっしゃる方々にお泊りいただいている短期滞在型の旅館です。日替わりの家庭的な手料理と、小さな旅館の雰囲気が合っているのか、長年に亘り定宿にしてくださるビジネスの方も多く、時々お土産を持参してくださる常連の方もいるほど、アットホームな宿です。1泊の方のお泊りももちろんのこと、いつも感謝の気持ちを忘れずに奉仕に努めております。
全室　無線ＬＡＮインターネットが利用可能です。

- 住所: 506-1161岐阜県飛騨市神岡町船津1307
- 電話番号: 0578-82-0068
- アクセス: JR高山本線飛騨古川駅からバスで40分(濃飛バス神岡行き バス停神岡下車) バス停 神岡から徒歩で3分
- 料金: 1泊2食 \6,300~(税込)
- 備考: 全室 無線LANインターネット可

- 周辺でできる体験: 江馬氏が見守る高原郷~本城から下館まで~, 籾糠山のてっぺんから愛を叫ぼう, 飛騨古川観光ガイド, 人力車, 神岡街めぐりコース, 飛騨里山サイクリング:スタンダード, 天生県立自然公園ガイドウォーク, 飛騨クアオルト健康ウォーキング, 広葉樹フォトブロック作り, カッティングボード作り
- 周辺にある飲食店・おみやげ店: 寄合所耕 飛騨古川SHOP, 前田本店, 登林酒店, なかき商店, 峡や, 千成寿司, アメリカンベーカリー, 居酒屋Dai, 笹巻羊かん本舗 金木戸屋, 茶屋-maru-
- このページを見ている人は、こんなページも見ています: ひだコロッケ本舗, ぼっか煮 さわ, 大坪製菓, 牧成舎, 大久保製菓舗, 大塚由美子(豆つかげ), 船津醤油, 登林酒店, 神岡朝市クラブ, 北々工房
- このスポットから近い宿泊施設: わたや旅館, 茂利旅館, すみや旅館, 旅館みなべ, 飛騨向月荘, 大岩荘, 国民宿舎 霜出荘, アルペン 流葉, 旅館 新谷荘, 旅館 ナカバヤシ"
民宿ほら,https://www.hida-kankou.jp/reserve/494,"ニコイ高原に40万株もの水芭蕉が群生する池ケ原湿原があなたを包み込みます。夏は太公望たちが絶賛する釣りのメッカ。変化に富んだ宮川清流で、鮎の友釣りが楽しめます。そんな大自然に囲まれた小さな宿”民宿ほら”では山菜やキノコなどの山の幸、鮎や岩魚などの川の幸、そして飛騨牛など安心安全な地元の食材をふんだんに使い、季節ごとに旬の味を楽しんで頂けるよう心から皆様をおもてなし致します。

- 住所: 509-4542岐阜県飛騨市宮川町杉原388
- 電話番号: 0577-62-3040
- ウェブサイト1: http://www.jalan.net/yad356006/
- アクセス: JR高山本線杉原駅より徒歩7分
- 料金: 6,825円~

- 周辺でできる体験: 江馬氏が見守る高原郷~本城から下館まで~, 籾糠山のてっぺんから愛を叫ぼう, 飛騨古川観光ガイド, 人力車, 神岡街めぐりコース, 飛騨里山サイクリング:スタンダード, 天生県立自然公園ガイドウォーク, 飛騨クアオルト健康ウォーキング, 広葉樹フォトブロック作り, カッティングボード作り
- 周辺にある飲食店・おみやげ店: 寄合所耕 飛騨古川SHOP, 前田本店, ぼっか煮 さわ, 居酒屋 おらんち, ビストロ シェ・ボア, 飛騨地鶏研究クラブ, 花の家, たからや, 居酒屋真ちゃん, 老田屋
- このページを見ている人は、こんなページも見ています: 北々工房, 飛騨地鶏研究クラブ, ソヤ畦畑, 割烹 克己, 居酒屋 源, 川甚亭, 飛騨牛焼肉かをる, 居酒屋 長八, 鳥栄, 蕪水亭OHAKO
- このスポットから近い宿泊施設: 民宿ほら, 飛騨まんが王国, 板倉の宿種蔵, ナチュールみやがわ, 志田旅館, 玉姫高原ロッジ, 山荘志げり, ロッジ トニマックス, ひだ流葉オートキャンプ場, ロッヂ 西山荘"
温もりの館 千台屋,https://www.hida-kankou.jp/reserve/496,"木の香りと暖炉の柔らかな炎が出迎えてくれる山国情緒たっぷりのロッジ千台屋は、飛騨流葉のほぼ真中に位置し、スキーゲレンデ・流葉温泉・交流広場（グラウンド）までいずれも徒歩1分と言う便利さ、しかも国道41号線沿い。路線バス停留所前にあるため公共交通機関等でのご来館もらくらくです。飛騨の山の幸、そして日本海の海の幸を組み合わせ四季の彩りも美しく、飛騨地鶏も使用した延命長寿食を召し上がっていただき、末永くご利用賜ります様に一生懸命努力いたしております。

- 住所: 506-1155岐阜県飛騨市神岡町伏方712
- 電話番号: 0578-82-0390
- ウェブサイト1: http://nagareha.web.fc2.com/
- アクセス: 神岡町市街地より8km古川町より13km
- 料金: 素泊まり \5,000~(税別)1泊2食  \7,500~(税別)

- 周辺でできる体験: 江馬氏が見守る高原郷~本城から下館まで~, 籾糠山のてっぺんから愛を叫ぼう, 飛騨古川観光ガイド, 人力車, 神岡街めぐりコース, 飛騨里山サイクリング:スタンダード, 天生県立自然公園ガイドウォーク, 飛騨クアオルト健康ウォーキング, 広葉樹フォトブロック作り, カッティングボード作り
- 周辺にある飲食店・おみやげ店: 寄合所耕 飛騨古川SHOP, 前田本店, 飛騨地鶏研究クラブ, そば処すごう, 大坪製菓, 船津醤油, 老田屋, 古田豆腐店, 花の家, ビストロ シェ・ボア
- このページを見ている人は、こんなページも見ています: 古里精肉店, 老田屋, 船津醤油, 北々工房, ほっとする店, 古田豆腐店, じゅうじゅう亭, 八兵衛, 喜楽, 志摩茶屋
- このスポットから近い宿泊施設: 温もりの館 千台屋, 旅館 井口荘, 旅館 ナカバヤシ, 流葉山荘, ロッジ トニマックス, ロッヂ 西山荘, 夕焼け色の宿 宗五郎, 玉姫高原ロッジ, 国民宿舎 霜出荘, アルペン 流葉"
吉城の郷 馬出し橋,https://www.hida-kankou.jp/reserve/524,"飛騨の伝統的町屋建築を改修した一日一組限定の貸切宿泊施設です。飛騨古川の中心市街地に位置し、瀬戸川や白壁土蔵街、飛騨古川駅にも近いので、観光の拠点としても便利です。飛騨古川に暮らすように、ご家族やお友達に自由にゆっくりと滞在して頂けます。

- 住所: 岐阜県飛騨市古川町殿町8-6
- 電話番号: 0577-73-5050
- アクセス: 飛騨古川駅から徒歩5分
- 料金: 1泊朝食15,000円(税込)/1名~47,000円(税込)/9名宿泊人数1名~9名により変動
- 備考: wi-fi有クレジットカード不可

- 周辺でできる体験: 江馬氏が見守る高原郷~本城から下館まで~, 籾糠山のてっぺんから愛を叫ぼう, 飛騨古川観光ガイド, 人力車, 神岡街めぐりコース, 飛騨里山サイクリング:スタンダード, 天生県立自然公園ガイドウォーク, 飛騨クアオルト健康ウォーキング, 広葉樹フォトブロック作り, カッティングボード作り
- 周辺にある飲食店・おみやげ店: 寄合所耕 飛騨古川SHOP, 前田本店, 馬場のかどや, 蒲酒造場, ヒダノオクブルワリー, 割烹 朝日館, 山腰楼, 三嶋和ろうそく店, 居酒屋 長八, 蕪水亭OHAKO
- このページを見ている人は、こんなページも見ています: 古里精肉店, 大坪製菓, 北々工房, 味噌煎餅本舗井之廣, 三寺めぐり朝市, ソヤ畦畑, 割烹 克己, 西洋膳処まえだ, じゅうじゅう亭, 福全寺蕎麦
- このスポットから近い宿泊施設: 吉城の郷 馬出し橋, SATOYAMA STAY TONOMACHI, 民宿スマイル, IORI SETOGAWA, 料理旅館 初月, IORI GOTO, IORI KAWANAKA, 飛騨ともえホテル, IORI ICHINOMACHI, のとや旅館"
民宿スマイル,https://www.hida-kankou.jp/reserve/531,"飛騨古川駅から徒歩３分と好立地な民宿。地元居酒屋「香梅」が経営しており海の幸”舟盛り付き”プランも！！スポーツ合宿のほか家族での貸切もおすすめ。古い町並散策も近く、また市内グラウンドからもアクセス良好です。

- 住所: 509-4224岐阜県飛騨市古川町殿町10番15号
- 電話番号: 080-1629-8264
- アクセス: 飛騨古川駅より徒歩3分
- 料金: 素泊まり 5,000円一泊2食(舟盛り付き)10,000円(平日)
- 備考: 宿泊は2名様から

- 周辺でできる体験: 江馬氏が見守る高原郷~本城から下館まで~, 籾糠山のてっぺんから愛を叫ぼう, 飛騨古川観光ガイド, 人力車, 神岡街めぐりコース, 飛騨里山サイクリング:スタンダード, 天生県立自然公園ガイドウォーク, 飛騨クアオルト健康ウォーキング, 広葉樹フォトブロック作り, カッティングボード作り
- 周辺にある飲食店・おみやげ店: 寄合所耕 飛騨古川SHOP, 前田本店, 居酒屋 長八, 山腰楼, ヒダノオクブルワリー, 西洋膳処まえだ, 馬場のかどや, 割烹 朝日館, 蒲酒造場, みちくさ
- このページを見ている人は、こんなページも見ています: 古里精肉店, 老田屋, 大塚由美子(豆つかげ), 橋本商店, 登林酒店, なかき商店, ほっとする店, 三寺めぐり朝市, 割烹 克己, 居酒屋 源
- このスポットから近い宿泊施設: 民宿スマイル, 料理旅館 初月, 吉城の郷 馬出し橋, IORI GOTO, SATOYAMA STAY TONOMACHI, IORI SETOGAWA, 飛騨ともえホテル, IORI KAWANAKA, IORI ICHINOMACHI, のとや旅館"
旅館 池田荘,https://www.hida-kankou.jp/reserve/513,"天然の素材、山菜ときのこをふんだんに使った四季の料理が大変ご好評を頂いております。飛騨牛、山菜料理、天然きのこ、マツタケ料理など、いずれも要予約で対応させていただきます。また、バーベキュー場の設備もございます。合宿、ビジネスは格安で提供できますので提供できますのでご相談ください。

- 住所: 509-4201岐阜県飛騨市古川町数河836番地
- 電話番号: 0577-75-2577
- アクセス: 東海北陸自動車道「清見」ICより卯の花街道経由車で約30分
JR飛騨古川駅より車で約15分
- 料金: 素泊まり 3,000円~ 1泊2食   7,000円~
- 駐車場(大型バス):

- 周辺でできる体験: 江馬氏が見守る高原郷~本城から下館まで~, 籾糠山のてっぺんから愛を叫ぼう, 飛騨古川観光ガイド, 人力車, 神岡街めぐりコース, 飛騨里山サイクリング:スタンダード, 天生県立自然公園ガイドウォーク, 飛騨クアオルト健康ウォーキング, 広葉樹フォトブロック作り, カッティングボード作り
- 周辺にある飲食店・おみやげ店: 寄合所耕 飛騨古川SHOP, 前田本店, そば処すごう, kino workshop, 飛騨地鶏研究クラブ, ぼっか煮 さわ, 喫茶あん, 飛騨こうじ 織勢, Y*mama*cafe, キンコン館
- このページを見ている人は、こんなページも見ています: 飛騨やまさち工房, 御菓子所 田の下, 古里精肉店, 麺の清水屋, 牧成舎, 船津醤油, 北々工房, 肉の沖村, そば処すごう, さか江家食堂
- このスポットから近い宿泊施設: 旅館 池田荘, みどり館, ペンションYOU, 館弥兵衛, すごうビレッジ修徒館, ひだ流葉オートキャンプ場, 山荘志げり, ロッヂ 西山荘, 玉姫高原ロッジ, ロッジ トニマックス"
SATOYAMA STAY NINOMACHI,https://www.hida-kankou.jp/reserve/529,"飛騨古川の弐之町にあり、ツアーなど全てのサービスのフロントも兼ねています。新築ですが、飛騨の木造建築の造りを見ることができます。１階にはワークショップルームもあります。

- 住所: 岐阜県飛騨市古川町弐之町11-32
- 電話番号: 0577-73-5715
- ウェブサイト1: https://satoyama-experience.com/jp/satoyama-stay/nino-machi/
- アクセス: 飛騨古川駅から徒歩8分
- 備考: 客室3部屋 ※各部屋の詳細は、ホームページをご覧ください。

- 周辺でできる体験: 江馬氏が見守る高原郷~本城から下館まで~, 籾糠山のてっぺんから愛を叫ぼう, 飛騨古川観光ガイド, 人力車, 神岡街めぐりコース, 飛騨里山サイクリング:スタンダード, 天生県立自然公園ガイドウォーク, 飛騨クアオルト健康ウォーキング, 広葉樹フォトブロック作り, カッティングボード作り
- 周辺にある飲食店・おみやげ店: 寄合所耕 飛騨古川SHOP, 前田本店, 味噌煎餅本舗井之廣, 岡田屋, 味処古川, タスパDEシャングリラ, FabCafe Hida, ひだコロッケ本舗, 三寺めぐり朝市, 福全寺蕎麦
- このページを見ている人は、こんなページも見ています: はやし, 北々工房, 味噌煎餅本舗井之廣, 飛騨牛専門店 祭, じゅうじゅう亭, アメリカンベーカリー, かちや, たからや, 居酒屋 味蕾, 新名屋
- このスポットから近い宿泊施設: SATOYAMA STAY NINOMACHI, MOTHER’S HOUSE, FabCafe Hida, 大関屋旅館, のとや旅館, たんぼの湯, 民宿スマイル, 吉城の郷 馬出し橋, 蕪水亭, 料理旅館 初月

- ここに行くモデルコース: バスでらくらく♪1泊2日飛騨古川散策と山之村牧場の旅"
山荘志げり,https://www.hida-kankou.jp/reserve/474,"山荘志げりはひだ流葉スキー場の中腹にあり、お車で玄関まで来て頂けます。玄関からスキーを履いてゲレンデへ行ける便利さが自慢のお宿です。車で５分の場所に流葉温泉がある好立地。一年間を通じて四季折々の自然を楽しめ、自然散策や飛騨市観光の拠点としてご利用して頂けます。また、ビジネスでの長期滞在にもご利用頂けます。
スタッフ一同心よりお待ち致しております。

- 住所: 506-1155岐阜県飛騨市神岡町西973
- 電話番号: 0578-82-2274
- ウェブサイト1: https://travel.rakuten.co.jp/HOTEL/6246/6246.html
- アクセス: 神岡町市街地より8km
古川町より13km
- 料金: 素泊まり 6,500円(税込)~
- 備考: 人工温泉 24時間入浴可Wi-Fi可

- 周辺でできる体験: 江馬氏が見守る高原郷~本城から下館まで~, 籾糠山のてっぺんから愛を叫ぼう, 飛騨古川観光ガイド, 人力車, 神岡街めぐりコース, 飛騨里山サイクリング:スタンダード, 天生県立自然公園ガイドウォーク, 飛騨クアオルト健康ウォーキング, 広葉樹フォトブロック作り, カッティングボード作り
- 周辺にある飲食店・おみやげ店: 寄合所耕 飛騨古川SHOP, 前田本店, 飛騨地鶏研究クラブ, そば処すごう, 大坪製菓, 船津醤油, 老田屋, 古田豆腐店, 花の家, ビストロ シェ・ボア
- このページを見ている人は、こんなページも見ています: 古里精肉店, なかき商店, 味噌煎餅本舗井之廣, 三寺めぐり朝市, kino workshop, 居酒屋 源, 八兵衛, 千成寿司, 志摩茶屋, 岡田屋
- このスポットから近い宿泊施設: 山荘志げり, ロッヂ 西山荘, 玉姫高原ロッジ, ひだ流葉オートキャンプ場, ロッジ トニマックス, 流葉山荘, 温もりの館 千台屋, 旅館 井口荘, 旅館 ナカバヤシ, 夕焼け色の宿 宗五郎"
流葉山荘,https://www.hida-kankou.jp/reserve/475,"宿を１歩外へ出れば、目の前には白銀のゲレンデ。滑って…部屋で休んで…また滑りに…自由気ままな流葉の1日をお楽しみください。お食事は日本海直送のお魚や飛騨牛など、ボリューム満点です。 レストラン、レンタルショップ、スーベ二アショップも併設。ベガゲレンデのジェミニシートリフト乗り場の前に位置し、 駐車場も完備。玄関前までバス、マイカーでお越しください。

- 住所: 506-1154岐阜県飛騨市神岡町西
- 電話番号: 0578-82-1573
- アクセス: 神岡町市街地より8km古川町より13km
- 休業日: 冬期のみ営業(12月中旬~3月下旬)
- 料金: 素泊まり \4,000~(税別)1泊2食 \8,000~(税別)
- 備考: 冬季のみWi-Fi可

- 周辺でできる体験: 江馬氏が見守る高原郷~本城から下館まで~, 籾糠山のてっぺんから愛を叫ぼう, 飛騨古川観光ガイド, 人力車, 神岡街めぐりコース, 飛騨里山サイクリング:スタンダード, 天生県立自然公園ガイドウォーク, 飛騨クアオルト健康ウォーキング, 広葉樹フォトブロック作り, カッティングボード作り
- 周辺にある飲食店・おみやげ店: 寄合所耕 飛騨古川SHOP, 前田本店, 飛騨地鶏研究クラブ, そば処すごう, 大坪製菓, 船津醤油, 老田屋, 古田豆腐店, 花の家, ビストロ シェ・ボア
- このページを見ている人は、こんなページも見ています: 御菓子所 田の下, 北々工房, 居酒屋 源, 飛騨牛専門店 祭, そば処すごう, 飛騨牛焼肉かをる, 新名屋, ひだ流葉スキー場, ”kawaii”飛騨かわいスキー場, 真宗寺
- このスポットから近い宿泊施設: 流葉山荘, ロッヂ 西山荘, ロッジ トニマックス, 温もりの館 千台屋, 玉姫高原ロッジ, 旅館 井口荘, 山荘志げり, 旅館 ナカバヤシ, 夕焼け色の宿 宗五郎, ひだ流葉オートキャンプ場"
国民宿舎 霜出荘,https://www.hida-kankou.jp/reserve/477,"「国民宿舎 霜出荘」は、岐阜県高山から40分北上したあたりの飛騨市神岡に位置します。国道41号に面しているため、交通アクセス良好です。草花あふれるのどかな里山にある当館では、四季が織りなす美しい自然を満喫できます。忙しい日常は忘れて、何もしない贅沢な休日をお楽しみください。

- 住所: 506-1154岐阜県飛騨市神岡町伏方281
- 電話番号: 0578-82-1654
- ウェブサイト1: https://oyadoshimodesou.com/
- アクセス: 神岡町市街地より8km古川町より13km
- 料金: 素泊まり  5,200円~
1泊2食  8,500円~ (税込)
- 備考: Wi-Fi可

- 周辺でできる体験: 江馬氏が見守る高原郷~本城から下館まで~, 籾糠山のてっぺんから愛を叫ぼう, 飛騨古川観光ガイド, 人力車, 神岡街めぐりコース, 飛騨里山サイクリング:スタンダード, 天生県立自然公園ガイドウォーク, 飛騨クアオルト健康ウォーキング, 広葉樹フォトブロック作り, カッティングボード作り
- 周辺にある飲食店・おみやげ店: 寄合所耕 飛騨古川SHOP, 前田本店, 飛騨地鶏研究クラブ, 大坪製菓, そば処すごう, 船津醤油, 老田屋, 古田豆腐店, 花の家, ビストロ シェ・ボア
- このページを見ている人は、こんなページも見ています: 御菓子所 田の下, 老田屋, 笹巻羊かん本舗 金木戸屋, 飛騨地鶏研究クラブ, きのえ(飛騨神岡とんちゃん), 肉の沖村, 蕎麦正なかや, たからや, 飛騨牛焼肉かをる, 馬場のかどや
- このスポットから近い宿泊施設: 国民宿舎 霜出荘, アルペン 流葉, 旅館 新谷荘, 大岩荘, 旅館 ナカバヤシ, 夕焼け色の宿 宗五郎, 温もりの館 千台屋, 旅館 井口荘, 流葉山荘, ロッジ トニマックス"
蕪水亭,https://www.hida-kankou.jp/reserve/519,"蕪水亭創業は明治3年。代々、主人自ら包丁をにぎることをおもてなしの心としており、お料理は、四季折々の飛騨の山河がもたらす自然の恵み、中でも特に旬のものを素材に選び、ご用意させて頂いております。郷土料理の朴葉みそや身体に優しい薬草料理もぜひお楽しみください。

- 住所: 509-4241岐阜県飛騨市古川町向町3-8-1
- 電話番号: 0577-73-2531
- ウェブサイト1: http://www.busuitei.co.jp/
- 料金: 1泊朝食 \10,800~1泊2食 \16,200~
- 備考: Wi-Fi可クレジットカード可

- 周辺でできる体験: 江馬氏が見守る高原郷~本城から下館まで~, 籾糠山のてっぺんから愛を叫ぼう, 飛騨古川観光ガイド, 人力車, 神岡街めぐりコース, 飛騨里山サイクリング:スタンダード, 天生県立自然公園ガイドウォーク, 飛騨クアオルト健康ウォーキング, 広葉樹フォトブロック作り, カッティングボード作り
- 周辺にある飲食店・おみやげ店: 寄合所耕 飛騨古川SHOP, 前田本店, 飛騨古川さくら物産館, 蕎麦正なかや, 薬草体験施設「ひだ森のめぐみ」, 橋本商店, FabCafe Hida, 大久保製菓舗, 二十四, 味噌煎餅本舗井之廣
- このページを見ている人は、こんなページも見ています: 御菓子所 田の下, 牧成舎, 大久保製菓舗, はやし, 船津醤油, 登林酒店, 北々工房, ほっとする店, 味噌煎餅本舗井之廣, 飛騨地鶏研究クラブ
- このスポットから近い宿泊施設: 蕪水亭, のとや旅館, 大関屋旅館, FabCafe Hida, 八ツ三館, 吉城の郷 馬出し橋, IORI SETOGAWA, IORI ICHINOMACHI, IORI KAWANAKA, SATOYAMA STAY TONOMACHI

- ここに行くモデルコース: サイクリングと飛騨高山散策の旅, 飛騨市の薬草をめぐる癒し旅, 東京から高速バスで!2泊3日奥飛騨温泉郷と飛騨古川の旅"
飛騨向月荘,https://www.hida-kankou.jp/reserve/501,"神岡城（鉱山資料館）のすぐ下に立地しており、辺りは静かな町並みです。お仕事又は観光で神岡周辺へおいでの時は是非当館をご利用ください。
昔ながらの和風ですのでご実家へ帰られた気持ちでお寛ぎいただける様に心よりお迎えいたします。
◎長期滞在歓迎

- 住所: 506-1111岐阜県飛騨市神岡町東町314-6
- 電話番号: 090-1623-7307
- アクセス: 飛騨高山より北へ45キロ奥飛騨温泉郷より43キロ
- 料金: 素泊まり \4,500~(税込)1泊2食  \6,500~(税込)

- 周辺でできる体験: 江馬氏が見守る高原郷~本城から下館まで~, 籾糠山のてっぺんから愛を叫ぼう, 飛騨古川観光ガイド, 人力車, 神岡街めぐりコース, 飛騨里山サイクリング:スタンダード, 天生県立自然公園ガイドウォーク, 飛騨クアオルト健康ウォーキング, 広葉樹フォトブロック作り, カッティングボード作り
- 周辺にある飲食店・おみやげ店: 寄合所耕 飛騨古川SHOP, 前田本店, きのえ(飛騨神岡とんちゃん), 喫茶きゃびん, 飛よし, 八兵衛, 肉の沖村, もりのや, 茶屋-maru-, 笹巻羊かん本舗 金木戸屋
- このページを見ている人は、こんなページも見ています: 麺の清水屋, はやし, 北々工房, ほっとする店, きのえ(飛騨神岡とんちゃん), 肉の沖村, ソヤ畦畑, 飛騨ともえホテル 起し太鼓茶屋, 川甚亭, 八兵衛
- このスポットから近い宿泊施設: 飛騨向月荘, 旅館みなべ, 茂利旅館, わたや旅館, すみや旅館, 大岩荘, 国民宿舎 霜出荘, アルペン 流葉, 旅館 新谷荘, 旅館 ナカバヤシ"
旅館 ナカバヤシ,https://www.hida-kankou.jp/reserve/507,"旅館ナカバヤシは、流葉スキー場のすぐそば、国道41号線沿いにありバス停からも徒歩1分と大変便利なロケーションです。当館では飛騨牛のすき焼きをメインとしたご夕食をお出ししており、丹精込めて作った自家米は、お客様に大変人気です。夏の自然散策、冬のスキー、スノーボードの際には、ぜひ旅館ナカバヤシをご利用ください。

- 住所: 506-1154岐阜県飛騨市神岡町伏方134-4
- 電話番号: 0578-82-1339
- アクセス: 神岡町市街地より8km古川町より13km
- 料金: 素泊まり \4,200~1泊2食 \6,825~
- 備考: フロントでインターネット利用可能

- 周辺でできる体験: 江馬氏が見守る高原郷~本城から下館まで~, 籾糠山のてっぺんから愛を叫ぼう, 飛騨古川観光ガイド, 人力車, 神岡街めぐりコース, 飛騨里山サイクリング:スタンダード, 天生県立自然公園ガイドウォーク, 飛騨クアオルト健康ウォーキング, 広葉樹フォトブロック作り, カッティングボード作り
- 周辺にある飲食店・おみやげ店: 寄合所耕 飛騨古川SHOP, 前田本店, 飛騨地鶏研究クラブ, 大坪製菓, そば処すごう, 船津醤油, 老田屋, 古田豆腐店, 花の家, ビストロ シェ・ボア
- このページを見ている人は、こんなページも見ています: 老田屋, 大塚由美子(豆つかげ), なかき商店, ほっとする店, きのえ(飛騨神岡とんちゃん), パティスリーマツキ, 古田豆腐店, 飛騨牛専門店 祭, 飛騨ともえホテル 起し太鼓茶屋, 自家焙煎珈琲あすなろ
- このスポットから近い宿泊施設: 旅館 ナカバヤシ, 温もりの館 千台屋, 旅館 井口荘, 国民宿舎 霜出荘, アルペン 流葉, 夕焼け色の宿 宗五郎, 旅館 新谷荘, 大岩荘, 流葉山荘, ロッジ トニマックス"
IORI KAWANAKA,https://www.hida-kankou.jp/reserve/523,"有名な瀬戸川と白壁土蔵街のど真ん中に位置する古民家を改修。落ち着いた、飛騨らしい雰囲気を楽しむことができます。地元のカフェと連携し、朝食を提供しております。一棟貸し、プライベート露天風呂付なのでご家族やお友達で自由にゆっくりと滞在することができます。

- 住所: 岐阜県飛騨市古川町壱之町1-14
- 電話番号: 0577-73-2285
- ウェブサイト1: https://iori-stay.com/stays/iori-kawanaka/
- アクセス: 飛騨古川駅から徒歩5分
- 料金: 22,000円から51,000円(税別)人数1~6名により変動
- 備考: wi-fi 有クレジットカード利用可

- 周辺でできる体験: 江馬氏が見守る高原郷~本城から下館まで~, 籾糠山のてっぺんから愛を叫ぼう, 飛騨古川観光ガイド, 人力車, 神岡街めぐりコース, 飛騨里山サイクリング:スタンダード, 天生県立自然公園ガイドウォーク, 飛騨クアオルト健康ウォーキング, 広葉樹フォトブロック作り, カッティングボード作り
- 周辺にある飲食店・おみやげ店: 寄合所耕 飛騨古川SHOP, 前田本店, 壱之町珈琲店, ソヤ畦畑, ほっとする店, 日根野美術館&Cafe, えん, カノコヤ~ Kanokoya Coffee & Waffles~, 古里精肉店, 鳥栄
- このページを見ている人は、こんなページも見ています: ひだコロッケ本舗, 御菓子所 田の下, 古里精肉店, 神岡朝市クラブ, 割烹 克己, 西洋膳処まえだ, お食事処 匠, 福全寺蕎麦, そば処すごう, もりのや
- このスポットから近い宿泊施設: IORI KAWANAKA, IORI ICHINOMACHI, IORI SETOGAWA, SATOYAMA STAY TONOMACHI, 八ツ三館, 吉城の郷 馬出し橋, 飛騨ともえホテル, 民宿スマイル, IORI GOTO, 料理旅館 初月

- ここに行くモデルコース: 一棟貸しの古民家でおこもり旅"
IORI GOTO,https://www.hida-kankou.jp/reserve/528,"ワンちゃんと泊まれる古民家を改装した一棟貸しの町家ホテル。エントランスには飛騨の山々をイメージした石庭がデザインされています。瀬戸川や白壁土蔵街や荒城川など、ワンちゃんと一緒に歩くおすすめのお散歩コースもすぐそば。愛犬連れでの古川散策をより快適にお楽しみいただけます。

- 住所: 岐阜県飛騨市古川町金森町11-13
- ウェブサイト1: https://iori-stay.com/ja/stays/iori-goto/
- アクセス: 飛騨古川駅から徒歩3分
- 備考: wi-fi 有クレジットカード利用可

- 周辺でできる体験: 江馬氏が見守る高原郷~本城から下館まで~, 籾糠山のてっぺんから愛を叫ぼう, 飛騨古川観光ガイド, 人力車, 神岡街めぐりコース, 飛騨里山サイクリング:スタンダード, 天生県立自然公園ガイドウォーク, 飛騨クアオルト健康ウォーキング, 広葉樹フォトブロック作り, カッティングボード作り
- 周辺にある飲食店・おみやげ店: 寄合所耕 飛騨古川SHOP, 前田本店, 居酒屋 長八, 山腰楼, 西洋膳処まえだ, Shinanoya, ヒダノオクブルワリー, つるや食堂, 居酒屋なごみ亭, 喜楽
- このページを見ている人は、こんなページも見ています: 古里精肉店, 大坪製菓, 三寺めぐり朝市, 古田豆腐店, 後藤酒店, 割烹 克己, 浪花, 飛騨牛専門店 祭, 西洋膳処まえだ, お食事処 匠
- このスポットから近い宿泊施設: IORI GOTO, 料理旅館 初月, 民宿スマイル, SATOYAMA STAY TONOMACHI, 飛騨ともえホテル, 吉城の郷 馬出し橋, IORI SETOGAWA, 大村屋旅館, IORI KAWANAKA, IORI ICHINOMACHI"
板倉の宿種蔵,https://www.hida-kankou.jp/reserve/473,"「板倉の宿種蔵」は全国かおり風景100選にも選ばれた「種蔵棚田の雨上がりの石積」、築百年～三百年の板倉２０棟が点在する日本の原風景が今なお生きる種蔵地区にあります。里山風景を堪能しながら、できる限り種蔵／飛騨産、無農薬・減農薬にこだわったお食事を味わっていただけます。

- 住所: 509-4235岐阜県飛騨市宮川町種蔵37-2
- 電話番号: 0577-63-2888
- ウェブサイト1: https://tanekura.com/
- アクセス: 東海北陸自動車道清見ICより古川方面~R360号線経由約60分
- 料金: \10,260(1泊2食 大人1名)※1室2名大人利用時

- 周辺でできる体験: 江馬氏が見守る高原郷~本城から下館まで~, 籾糠山のてっぺんから愛を叫ぼう, 飛騨古川観光ガイド, 人力車, 神岡街めぐりコース, 飛騨里山サイクリング:スタンダード, 天生県立自然公園ガイドウォーク, 飛騨クアオルト健康ウォーキング, 広葉樹フォトブロック作り, カッティングボード作り
- 周辺にある飲食店・おみやげ店: 寄合所耕 飛騨古川SHOP, 前田本店, ぼっか煮 さわ, そば処すごう, 飛騨地鶏研究クラブ, 飛騨やまさち工房, 居酒屋 おらんち, kino workshop, 大坪製菓, ビストロ シェ・ボア
- このページを見ている人は、こんなページも見ています: 登林酒店, なかき商店, 笹巻羊かん本舗 金木戸屋, 古田豆腐店, 居酒屋 源, 西洋膳処まえだ, 蕎麦正なかや, さか江家食堂, 自家焙煎珈琲あすなろ, たからや
- このスポットから近い宿泊施設: 板倉の宿種蔵, ナチュールみやがわ, 志田旅館, 旅館 池田荘, みどり館, 館弥兵衛, すごうビレッジ修徒館, ペンションYOU, ひだ流葉オートキャンプ場, 山荘志げり

- ここに行くモデルコース: “静かなる飛騨”の大自然を感じる旅"
飛騨古川ユースホステル,https://www.hida-kankou.jp/reserve/489,"ウッディーでシンプルな宿です。田舎の田園風景の中に溶け込む木造りのユースホステル。全室テレビ、エアコン付。冬は床暖房で素足でもOK。春は新緑、夏は家族旅行、秋は紅葉ツーリング、冬はスキーと年がら年中元気が売りものです。中高年やアウトドア派の若者にブームの「テレマークスキー教室」が人気です。詳しくは下記のページから情報を得てください。洗面道具やパジャマは持参して下さい。予約はメールでも可能です。

- 住所: 509-4272岐阜県飛騨市古川町信包180
- 電話番号: 0577-75-2979
- ウェブサイト1: https://hida-furukawa-yh.localinfo.jp/
- アクセス: *飛騨細江駅下車徒歩15分です。(日没後は駅まで迎えに行きます.要連絡)
- 料金: 4,500円~(素泊まり)

- 周辺でできる体験: 江馬氏が見守る高原郷~本城から下館まで~, 籾糠山のてっぺんから愛を叫ぼう, 飛騨古川観光ガイド, 人力車, 神岡街めぐりコース, 飛騨里山サイクリング:スタンダード, 天生県立自然公園ガイドウォーク, 飛騨クアオルト健康ウォーキング, 広葉樹フォトブロック作り, カッティングボード作り
- 周辺にある飲食店・おみやげ店: 寄合所耕 飛騨古川SHOP, 前田本店, 飛騨こうじ 織勢, 飛騨牛焼肉かをる, 北々工房, 喫茶あん, 居酒屋 源, 味噌煎餅本舗井之廣, ダイニング笑円, 道の駅 飛騨古川いぶし
- このページを見ている人は、こんなページも見ています: 飛騨やまさち工房, 老田屋, 神岡朝市クラブ, 北々工房, kino workshop, 古田豆腐店, 居酒屋 源, 浪花, 福全寺蕎麦, 居酒屋真ちゃん
- このスポットから近い宿泊施設: 飛騨古川ユースホステル, 飛騨市森林公園キャンプ場, 旬菜の宿 季古里, SATOYAMA STAY NINOMACHI, MOTHER’S HOUSE, FabCafe Hida, 大関屋旅館, 飛騨古川民泊 Vegi garden, たんぼの湯, のとや旅館

- ここに行くモデルコース: 愛車と旅するソロツーリング"
夕焼け色の宿 宗五郎,https://www.hida-kankou.jp/reserve/499,"""遠い日の心のふるさと""にどこか似ている、そんな気持ちにさせてくれるアットホームな雰囲気の宿です。 宗五郎は祖父の名前です。夕やけ色のように、温もりと素朴な宿を心がけています。ゲレンデまで約400m。車で送迎しています。冬季以外は裏庭のバーベキューハウス（2棟）がご利用頂けます。流葉には常設のウォーキングコースが整備されています。（5コース、延べ40km）希望によりガイド致します。そば打ち体験ができます。（少人数） ピアノ、カラオケもあり、楽しんでいただけます。観光・ビジネス・ウォーキングに。一人旅も大歓迎です。

- 住所: 506-1155岐阜県飛騨市神岡町西1408
- 電話番号: 0578-82-1528
- アクセス: 神岡町市街地より8km古川町より13km
- 料金: 素泊まり \5,000~(税別)1泊2食  \6,500~(税別)

- 周辺でできる体験: 江馬氏が見守る高原郷~本城から下館まで~, 籾糠山のてっぺんから愛を叫ぼう, 飛騨古川観光ガイド, 人力車, 神岡街めぐりコース, 飛騨里山サイクリング:スタンダード, 天生県立自然公園ガイドウォーク, 飛騨クアオルト健康ウォーキング, 広葉樹フォトブロック作り, カッティングボード作り
- 周辺にある飲食店・おみやげ店: 寄合所耕 飛騨古川SHOP, 前田本店, 飛騨地鶏研究クラブ, 大坪製菓, そば処すごう, 船津醤油, 老田屋, 古田豆腐店, 花の家, ビストロ シェ・ボア
- このページを見ている人は、こんなページも見ています: 大塚由美子(豆つかげ), 笹巻羊かん本舗 金木戸屋, ほっとする店, 肉の沖村, 飛騨牛専門店 祭, 居酒屋 味蕾, 志摩茶屋, 飛騨牛焼肉かをる, 居酒屋Dai, KINKON館
- このスポットから近い宿泊施設: 夕焼け色の宿 宗五郎, 旅館 新谷荘, 旅館 井口荘, 旅館 ナカバヤシ, 温もりの館 千台屋, 国民宿舎 霜出荘, アルペン 流葉, 大岩荘, 流葉山荘, ロッジ トニマックス"
旬菜の宿 季古里,https://www.hida-kankou.jp/reserve/484,"飛騨の古民家を思わせる館内は中部建築賞受賞作品。 地元の食材と日本海の幸を合わせた『旬菜の会席』と肌がスベスベになる『天然温泉』をご堪能下さい。　飛騨古川駅までのシャトルバスがあるので移動も便利です。

- 住所: 509-4275岐阜県飛騨市古川町黒内1400-1
- 電話番号: 0577-75-3311
- ウェブサイト1: http://www.hotelkikori.com/
- 料金: 素泊まり \6,200~(税込)1泊朝食付き \6,680~(税込)1泊2食 \11,250~(税込)
- 備考: Wi-Fi可クレジットカード可

- 周辺でできる体験: 江馬氏が見守る高原郷~本城から下館まで~, 籾糠山のてっぺんから愛を叫ぼう, 飛騨古川観光ガイド, 人力車, 神岡街めぐりコース, 飛騨里山サイクリング:スタンダード, 天生県立自然公園ガイドウォーク, 飛騨クアオルト健康ウォーキング, 広葉樹フォトブロック作り, カッティングボード作り
- 周辺にある飲食店・おみやげ店: 寄合所耕 飛騨古川SHOP, 前田本店, 北々工房, Hütte noasobi, 飛騨牛焼肉かをる, 飛騨こうじ 織勢, 道の駅 飛騨古川いぶし, 喫茶あん, 味噌煎餅本舗井之廣, FabCafe Hida
- このページを見ている人は、こんなページも見ています: ひだコロッケ本舗, 御菓子所 田の下, 牧成舎, 大久保製菓舗, 橋本商店, 味噌煎餅本舗井之廣, 古田豆腐店, 肉の沖村, 居酒屋 源, 福全寺蕎麦
- このスポットから近い宿泊施設: 旬菜の宿 季古里, 飛騨古川ユースホステル, 飛騨市森林公園キャンプ場, やまびこ館, アスク山王, SATOYAMA STAY NINOMACHI, MOTHER’S HOUSE, 蕪水亭, FabCafe Hida, 大関屋旅館

- ここに行くモデルコース: 飛騨古川と池ヶ原湿原を満喫する旅"
旅館 井口荘,https://www.hida-kankou.jp/reserve/512,"国道41号線沿いに立地しており、交通アクセスが大変便利です。料理は自家製米、自家製野菜を使った漬けもの等が好評です。 スキーの後はジェットバスにのんびり浸かって疲れを癒して下さい。

- 住所: 506-1155岐阜県飛騨市神岡町西1380
- 電話番号: 0578-82-1386
- アクセス: 神岡町市街地より8km古川町より13km大阪、京都方面から1月~3月第2週まで 毎週金・土曜日限定、直行バスを運行 お問い合わせ06-6312-8100
- 料金: 素泊まり \4,500~(税別)1泊2食  \7,300~(税別)
- 備考: ロビーでインターネット使用可能

- 周辺でできる体験: 江馬氏が見守る高原郷~本城から下館まで~, 籾糠山のてっぺんから愛を叫ぼう, 飛騨古川観光ガイド, 人力車, 神岡街めぐりコース, 飛騨里山サイクリング:スタンダード, 天生県立自然公園ガイドウォーク, 飛騨クアオルト健康ウォーキング, 広葉樹フォトブロック作り, カッティングボード作り
- 周辺にある飲食店・おみやげ店: 寄合所耕 飛騨古川SHOP, 前田本店, 飛騨地鶏研究クラブ, そば処すごう, 大坪製菓, 船津醤油, 老田屋, 古田豆腐店, 花の家, ビストロ シェ・ボア
- このページを見ている人は、こんなページも見ています: 飛騨やまさち工房, 御菓子所 田の下, 北々工房, 西洋膳処まえだ, 千成寿司, 飛騨牛焼肉かをる, 居酒屋Dai, 峡や, 居酒屋 長八, 八起寿司
- このスポットから近い宿泊施設: 旅館 井口荘, 温もりの館 千台屋, 流葉山荘, 旅館 ナカバヤシ, 夕焼け色の宿 宗五郎, ロッジ トニマックス, ロッヂ 西山荘, 玉姫高原ロッジ, 旅館 新谷荘, 国民宿舎 霜出荘"
飛騨古川民泊 Vegi garden,https://www.hida-kankou.jp/reserve/698,"飛騨古川駅から北側の高台にある築50年以上の古民家です。飛騨古川を一望でき、山間にある街内や田畑は昔ながらの風情を残しています。ゆっくりとした自然に癒される空間を満喫することができます。

※貸し出し自転車（2台・無料）あり
※駅からの送迎可。

「農業体験していみたい。」「BBQがしたい。」などお気軽にご相談下さい。

- 住所: 5094213岐阜県飛騨市古川町下気多1072
- 電話番号: 080-2105-5208
- ウェブサイト1: https://kodani723.wixsite.com/my-site
- アクセス: 飛騨古川駅より車で5分
- 関連サイト/SNS - 1: https://www.instagram.com/hidafurukawa_vegigarden/
- 料金: 1泊1名様 3,000円(3歳以下無料)
※値段の変動あり
 2名以降 1人追加ごとに料金追加

- 周辺でできる体験: 江馬氏が見守る高原郷~本城から下館まで~, 籾糠山のてっぺんから愛を叫ぼう, 飛騨古川観光ガイド, 人力車, 神岡街めぐりコース, 飛騨里山サイクリング:スタンダード, 天生県立自然公園ガイドウォーク, 飛騨クアオルト健康ウォーキング, 広葉樹フォトブロック作り, カッティングボード作り
- 周辺にある飲食店・おみやげ店: 寄合所耕 飛騨古川SHOP, 前田本店, キンコン館, KINKON館, 居酒屋 源, ダイニング笑円, Bambi, 志摩茶屋, Little Village Jr., 八起寿司
- このページを見ている人は、こんなページも見ています: 西洋膳処まえだ, さか江家食堂, ビストロ シェ・ボア, 飛騨牛焼肉かをる, 蕪水亭OHAKO, 飛騨古川桃源郷温泉 ぬく森の湯すぱ~ふる, テレマークスキー&スノーシュー, 割石温泉, たんぼの湯, 安峰山
- このスポットから近い宿泊施設: 飛騨古川民泊 Vegi garden, たんぼの湯, 大村屋旅館, 料理旅館 初月, IORI GOTO, 飛騨ともえホテル, MOTHER’S HOUSE, 民宿スマイル, SATOYAMA STAY NINOMACHI, 吉城の郷 馬出し橋"
アルペン 流葉,https://www.hida-kankou.jp/reserve/511,"ゲレンデ内に立地しているので、大変便利な宿です。 流葉温泉もすぐ目の前にあり、気楽にゆっくりとくつろいでいただけます。 お得な平日宿泊プランもご用意！お気軽にお問合わせ下さい。 飛騨カレーカツ盛の他、飛騨ラーメンや牛丼も人気メニューです。女性にはチーズケーキがおすすめです。

- 住所: 506-1154岐阜県飛騨市神岡町伏方149-3
- 電話番号: 0578-82-2074
- アクセス: 神岡町市街地より8km古川町より13km
- 料金: 素泊まり \4,500~(税別)1泊2食 \6,500~(税別)

- 周辺でできる体験: 江馬氏が見守る高原郷~本城から下館まで~, 籾糠山のてっぺんから愛を叫ぼう, 飛騨古川観光ガイド, 人力車, 神岡街めぐりコース, 飛騨里山サイクリング:スタンダード, 天生県立自然公園ガイドウォーク, 飛騨クアオルト健康ウォーキング, 広葉樹フォトブロック作り, カッティングボード作り
- 周辺にある飲食店・おみやげ店: 寄合所耕 飛騨古川SHOP, 前田本店, 飛騨地鶏研究クラブ, 大坪製菓, そば処すごう, 船津醤油, 老田屋, 古田豆腐店, 花の家, ビストロ シェ・ボア
- このページを見ている人は、こんなページも見ています: ぼっか煮 さわ, 麺の清水屋, 大坪製菓, はやし, きのえ(飛騨神岡とんちゃん), ソヤ畦畑, 居酒屋 源, そば処すごう, 八兵衛, たからや
- このスポットから近い宿泊施設: 国民宿舎 霜出荘, アルペン 流葉, 旅館 新谷荘, 大岩荘, 旅館 ナカバヤシ, 夕焼け色の宿 宗五郎, 温もりの館 千台屋, 旅館 井口荘, 流葉山荘, ロッジ トニマックス"
館弥兵衛,https://www.hida-kankou.jp/reserve/514,"自然と樹木に囲まれているため、せせらぎや葉が重なり合う音、やさしい小鳥のさえずりが心地よい時間へと迎えてくれます。春の山菜摘み、夏はゴルフ、秋の紅葉狩り、そして冬はスノー・スノボと、四季を通じて自然と親しみながらのレジャーを楽しめます。

- 住所: 509-4201岐阜県飛騨市古川町数河237-58
- 電話番号: 0577-75-3755
- アクセス: JR飛騨古川駅からから車で20分
- 料金: 素泊まり4,500円~(税込)1泊2食 6,500円~(税込)

- 周辺でできる体験: 江馬氏が見守る高原郷~本城から下館まで~, 籾糠山のてっぺんから愛を叫ぼう, 飛騨古川観光ガイド, 人力車, 神岡街めぐりコース, 飛騨里山サイクリング:スタンダード, 天生県立自然公園ガイドウォーク, 飛騨クアオルト健康ウォーキング, 広葉樹フォトブロック作り, カッティングボード作り
- 周辺にある飲食店・おみやげ店: 寄合所耕 飛騨古川SHOP, 前田本店, そば処すごう, 飛騨地鶏研究クラブ, kino workshop, Y*mama*cafe, キンコン館, KINKON館, 喫茶あん, ぼっか煮 さわ
- このページを見ている人は、こんなページも見ています: 飛騨やまさち工房, 御菓子所 田の下, 麺の清水屋, 船津醤油, 神岡朝市クラブ, なかき商店, 北々工房, つるや食堂, 岡田屋, 八起寿司
- このスポットから近い宿泊施設: 館弥兵衛, すごうビレッジ修徒館, みどり館, ペンションYOU, 旅館 池田荘, ひだ流葉オートキャンプ場, 山荘志げり, ロッヂ 西山荘, 玉姫高原ロッジ, ロッジ トニマックス"
IORI SETOGAWA,https://www.hida-kankou.jp/reserve/527,"城下町の風情感じる瀬戸川沿いの中心に位置する築100年を超える伝統町家をリノベーション。飛騨の匠の技術が随所にみられ、飛騨の自然の恵みや自然素材へのこだわりを大切にした空間は、落ち着いた雰囲気を醸し出しています。　薪ストーブのゆらぎを眺めながら仲間と集い語り合う、非日常空間で過ごす特別な旅。浴室にはプライベートサウナとアロマオイル、飛騨産ヒノキ風呂、露天風呂スペースを完備しており、癒しの先にある「ととのう」という至福の体験をお楽しみいただけます。　また、リビングにはプロジェクターを完備しており、徒歩1分に位置する提携町家コワーキングスペースのご利用も可能となっております。合宿・オフサイトミーティングなどお仲間とのプロジェクト利用に最適です。

- 住所: 岐阜県飛騨市古川町殿町7-12
- 電話番号: 0577-73-2285
- ウェブサイト1: https://iori-stay.com/ja/stays/iori-setogawa/
- アクセス: 飛騨古川駅から徒歩5分
- 料金: 16,100円~(2名~8名)人数によって変動
- 備考: wi-fi 有クレジットカード利用可

- 周辺でできる体験: 江馬氏が見守る高原郷~本城から下館まで~, 籾糠山のてっぺんから愛を叫ぼう, 飛騨古川観光ガイド, 人力車, 神岡街めぐりコース, 飛騨里山サイクリング:スタンダード, 天生県立自然公園ガイドウォーク, 飛騨クアオルト健康ウォーキング, 広葉樹フォトブロック作り, カッティングボード作り
- 周辺にある飲食店・おみやげ店: 寄合所耕 飛騨古川SHOP, 前田本店, 古里精肉店, 三嶋和ろうそく店, 馬場のかどや, ほっとする店, ヒダノオクブルワリー, 日根野美術館&Cafe, 蒲酒造場, teppan&sushi 千
- このページを見ている人は、こんなページも見ています: ひだコロッケ本舗, 古里精肉店, 大坪製菓, 肉の沖村, ソヤ畦畑, 割烹 克己, 西洋膳処まえだ, じゅうじゅう亭, 山腰楼, 割烹 朝日館
- このスポットから近い宿泊施設: IORI SETOGAWA, SATOYAMA STAY TONOMACHI, IORI KAWANAKA, 吉城の郷 馬出し橋, IORI ICHINOMACHI, 民宿スマイル, IORI GOTO, 料理旅館 初月, 飛騨ともえホテル, 八ツ三館"
やまびこ館,https://www.hida-kankou.jp/reserve/470,"小鳥のさえずりや四季折々の植物に囲まれた自然の中に、匠の技と木の暖かさを強調した、洒落た田舎のホテルの様な建物です。　団体客40名まで対応が可能で、和・洋の個室タイプの部屋が１2室で冷暖房完備、バストイレ付のシックな部屋を提供いたしております。緑したたる大地、つかみ取れるような満天の星、全山燃えるような紅葉、純白の世界どの季節も訪れる人々に自然の雄大な景色と、素朴な心が伝わる田舎料理を満喫させてくれる施設で、友人、家族、サークル活動、田舎で休養を兼ねての宿泊、長期滞在にお気軽にご利用下さい。

- 住所: 509-4312岐阜県飛騨市河合町稲越1598番地1
- 電話番号: 0577-65-2466
- ウェブサイト1: https://yamabikokan.com/
- アクセス: 飛騨高山から車で約50分  白川郷から1時間10分 富山市から1時間10分  名古屋から2時間30分送迎あり(条件あり)
- 料金: 1泊2食 \8,800(税込)素泊まり \4,950(税込)

- 周辺でできる体験: 江馬氏が見守る高原郷~本城から下館まで~, 籾糠山のてっぺんから愛を叫ぼう, 飛騨古川観光ガイド, 人力車, 神岡街めぐりコース, 飛騨里山サイクリング:スタンダード, 天生県立自然公園ガイドウォーク, 飛騨クアオルト健康ウォーキング, 広葉樹フォトブロック作り, カッティングボード作り
- 周辺にある飲食店・おみやげ店: 寄合所耕 飛騨古川SHOP, 前田本店, Hütte noasobi, 北々工房, 飛騨牛焼肉かをる, 飛騨やまさち工房, 飛騨こうじ 織勢, 道の駅 飛騨古川いぶし, 喫茶あん, 味噌煎餅本舗井之廣
- このページを見ている人は、こんなページも見ています: 御菓子所 田の下, 北々工房, 味噌煎餅本舗井之廣, 割烹 克己, つるや食堂, 山腰楼, 八兵衛, ひだ小僧, 道の駅 アルプ飛騨古川, 天生県立自然公園
- このスポットから近い宿泊施設: やまびこ館, アスク山王, なかんじょ川 釣り公園, 旬菜の宿 季古里, 飛騨市森林公園キャンプ場, 飛騨古川ユースホステル, SATOYAMA STAY NINOMACHI, MOTHER’S HOUSE, 蕪水亭, FabCafe Hida"
旅館 新谷荘,https://www.hida-kankou.jp/reserve/498,"緑風リゾートひだ流葉スキー場アルティアゲレンデまで徒歩3分。部屋の窓からは北アルプスを望むことができ、素朴な山里の味覚、家庭的なおもてなしが自慢の宿です。

- 住所: 506-1154岐阜県飛騨市神岡町伏方239
- 電話番号: 0578-82-1657
- アクセス: 神岡町市街地より8km古川町より13km
- 料金: 素泊まり \4,000~1泊2食  \6,500~

- 周辺でできる体験: 江馬氏が見守る高原郷~本城から下館まで~, 籾糠山のてっぺんから愛を叫ぼう, 飛騨古川観光ガイド, 人力車, 神岡街めぐりコース, 飛騨里山サイクリング:スタンダード, 天生県立自然公園ガイドウォーク, 飛騨クアオルト健康ウォーキング, 広葉樹フォトブロック作り, カッティングボード作り
- 周辺にある飲食店・おみやげ店: 寄合所耕 飛騨古川SHOP, 前田本店, 飛騨地鶏研究クラブ, 大坪製菓, そば処すごう, 船津醤油, 老田屋, 古田豆腐店, 花の家, ビストロ シェ・ボア
- このページを見ている人は、こんなページも見ています: ひだコロッケ本舗, 登林酒店, なかき商店, きのえ(飛騨神岡とんちゃん), 壱之町珈琲店, じゅうじゅう亭, 飛騨ともえホテル 起し太鼓茶屋, かちや, たからや, 喜楽
- このスポットから近い宿泊施設: 旅館 新谷荘, 国民宿舎 霜出荘, アルペン 流葉, 大岩荘, 夕焼け色の宿 宗五郎, 旅館 ナカバヤシ, 温もりの館 千台屋, 旅館 井口荘, 流葉山荘, ロッジ トニマックス"
吉城の郷 大日の宿,https://www.hida-kankou.jp/reserve/525,"明治３年築の伝統建築古民家を改修した、一日一組限定の貸切宿泊施設です。「吉城の郷」内にあるため、隣接するレストランもご利用いただけます。築148年という時間を超えてきた空間で、非日常を体験いただければ幸いです。

- 住所: 岐阜県飛騨市古川町大野町145-1
- 電話番号: 0577-73-5050
- 料金: 1泊朝食17,000円(税込)/1名~45,000円(税込)/8名宿泊人数1名~8名により変動
- 備考: wi-fiありクレジットカード不可

- 周辺でできる体験: 江馬氏が見守る高原郷~本城から下館まで~, 籾糠山のてっぺんから愛を叫ぼう, 飛騨古川観光ガイド, 人力車, 神岡街めぐりコース, 飛騨里山サイクリング:スタンダード, 天生県立自然公園ガイドウォーク, 飛騨クアオルト健康ウォーキング, 広葉樹フォトブロック作り, カッティングボード作り
- 周辺にある飲食店・おみやげ店: 寄合所耕 飛騨古川SHOP, 前田本店, 大塚由美子(豆つかげ), めん処ほりのうえ, 飛騨産直市そやな, 道の駅 アルプ飛騨古川, 老田屋製麺所 飛騨古川店, 寄合所耕 飛騨古川食堂, じゅうじゅう亭, パティスリーマツキ
- このページを見ている人は、こんなページも見ています: 大塚由美子(豆つかげ), 橋本商店, なかき商店, 三寺めぐり朝市, 古田豆腐店, 川甚亭, 居酒屋 長八, タスパDEシャングリラ, めん処ほりのうえ, 居酒屋なごみ亭
- このスポットから近い宿泊施設: 吉城の郷 大日の宿, 八ツ三館, IORI ICHINOMACHI, IORI KAWANAKA, IORI SETOGAWA, 飛騨ともえホテル, 大村屋旅館, SATOYAMA STAY TONOMACHI, 蕪水亭, 吉城の郷 馬出し橋"
大岩荘,https://www.hida-kankou.jp/reserve/478,"ゆっくりした時が流れ、日々の喧騒から一転。心と体に潤いを与えてくれる宿「大岩荘」です。洋風のダイニングといろりのある大広間で頂く自慢の夕食は、奥飛騨の味が生きた和伊折衷アレンジ料理。食後のオリジナルデザートも楽しみに。　夏にはカントリーウォーク、レールマウンテンバイク、山之村だいこんマラソン。冬はスキーと、遊びも豊富。宿から徒歩3分で流葉温泉も有。四季折々の風情を見せる大自然に囲まれた宿で、憩いの時間を過ごしませんか。心よりお待ちしております。

- 住所: 506-1154岐阜県飛騨市神岡町伏方487
- 電話番号: 0578-82-2318
- アクセス: 神岡町市街地より8km古川町より13km
- 料金: 素泊まり 5,000~(税別)1泊2食 \7,800~(税別)

- 周辺でできる体験: 江馬氏が見守る高原郷~本城から下館まで~, 籾糠山のてっぺんから愛を叫ぼう, 飛騨古川観光ガイド, 人力車, 神岡街めぐりコース, 飛騨里山サイクリング:スタンダード, 天生県立自然公園ガイドウォーク, 飛騨クアオルト健康ウォーキング, 広葉樹フォトブロック作り, カッティングボード作り
- 周辺にある飲食店・おみやげ店: 寄合所耕 飛騨古川SHOP, 前田本店, 飛騨地鶏研究クラブ, 大坪製菓, 船津醤油, そば処すごう, 老田屋, 古田豆腐店, 花の家, ビストロ シェ・ボア
- このページを見ている人は、こんなページも見ています: 大坪製菓, 橋本商店, 登林酒店, なかき商店, 北々工房, ほっとする店, きのえ(飛騨神岡とんちゃん), 古田豆腐店, ソヤ畦畑, そば処すごう
- このスポットから近い宿泊施設: 大岩荘, 国民宿舎 霜出荘, アルペン 流葉, 旅館 新谷荘, 旅館 ナカバヤシ, 夕焼け色の宿 宗五郎, 温もりの館 千台屋, 旅館 井口荘, 流葉山荘, ロッジ トニマックス"
みどり館,https://www.hida-kankou.jp/reserve/493,"標高1000ｍに位置する数河高原の澄み切った空気と、北アルプスの眺望が楽しめる宿です。広いお風呂でゆったりと日頃の疲れを癒すことができます。夏は涼しく、避暑地としても知られており、ハイキングやゴルフなどのスポーツがおすすめ。冬はスキーやスノーボードが楽しめる環境です。また、合宿に利用していただくことも多い宿です。

- 住所: 509-4201岐阜県飛騨市古川町数河169-38
- 電話番号: 0577-75-2236
- 料金: 1泊2食 \6,000円~(税別)
- 備考: クレジットカード不可

- 周辺でできる体験: 江馬氏が見守る高原郷~本城から下館まで~, 籾糠山のてっぺんから愛を叫ぼう, 飛騨古川観光ガイド, 人力車, 神岡街めぐりコース, 飛騨里山サイクリング:スタンダード, 天生県立自然公園ガイドウォーク, 飛騨クアオルト健康ウォーキング, 広葉樹フォトブロック作り, カッティングボード作り
- 周辺にある飲食店・おみやげ店: 寄合所耕 飛騨古川SHOP, 前田本店, そば処すごう, 飛騨地鶏研究クラブ, kino workshop, Y*mama*cafe, 喫茶あん, ぼっか煮 さわ, キンコン館, KINKON館
- このページを見ている人は、こんなページも見ています: 割烹 克己, そば処すごう, 山腰楼, 千成寿司, 居酒屋Dai, 飛よし, ナチュールみやがわ, テレマークスキー&スノーシュー, ガラス美術館 駒, 蒲酒造場
- このスポットから近い宿泊施設: みどり館, ペンションYOU, 館弥兵衛, 旅館 池田荘, すごうビレッジ修徒館, ひだ流葉オートキャンプ場, 山荘志げり, ロッヂ 西山荘, 玉姫高原ロッジ, ロッジ トニマックス"
SATOYAMA STAY TONOMACHI,https://www.hida-kankou.jp/reserve/530,"昔ながらの町家をリフォームした宿です。客室は３部屋あります。

- 住所: 509-4224岐阜県飛騨市古川町殿町7-21
- 電話番号: 0577-73-5715
- ウェブサイト1: https://satoyama-experience.com/jp/satoyama-stay/tono-machi/
- アクセス: 飛騨古川駅から徒歩3分
- 備考: 客室3部屋 ※各部屋の詳細は、ホームページをご覧ください。

- 周辺でできる体験: 江馬氏が見守る高原郷~本城から下館まで~, 籾糠山のてっぺんから愛を叫ぼう, 飛騨古川観光ガイド, 人力車, 神岡街めぐりコース, 飛騨里山サイクリング:スタンダード, 天生県立自然公園ガイドウォーク, 飛騨クアオルト健康ウォーキング, 広葉樹フォトブロック作り, カッティングボード作り
- 周辺にある飲食店・おみやげ店: 寄合所耕 飛騨古川SHOP, 前田本店, ヒダノオクブルワリー, 馬場のかどや, 三嶋和ろうそく店, 山腰楼, 蒲酒造場, 古里精肉店, 居酒屋 長八, teppan&sushi 千
- このページを見ている人は、こんなページも見ています: ひだコロッケ本舗, 御菓子所 田の下, 古里精肉店, 大坪製菓, 登林酒店, 北々工房, ほっとする店, 三寺めぐり朝市, パティスリーマツキ, ソヤ畦畑
- このスポットから近い宿泊施設: SATOYAMA STAY TONOMACHI, 吉城の郷 馬出し橋, IORI SETOGAWA, 民宿スマイル, IORI GOTO, 料理旅館 初月, 飛騨ともえホテル, IORI KAWANAKA, IORI ICHINOMACHI, 大村屋旅館"
志田旅館,https://www.hida-kankou.jp/reserve/472,"贅沢感より「満足感」を心がけた料理は、品数多く味・ボリューム共に満点！メニューは当日仕入れる新鮮食材や、旬の素材で決めるため、常連さんや連泊の方にも大変喜ばれています。　囲炉裏端での食事も可能（要確認）山里風景に溶け込む落ち着いた佇まいの客室はすべて和室（全室インターネット可）　カラオケ喫茶が隣接しています。

- 住所: 509-4423岐阜県飛騨市宮川町林54
- 電話番号: 0577-63-2001
- ウェブサイト1: http://sidaya.com/
- アクセス: JR高山本線坂上駅下車徒歩2分 送迎についてはご相談ください。
- 料金: 素泊まり \5,000~1泊2食 \6,800~
- 備考: 全室インターネット可 カラオケ喫茶「みや」隣接

- 周辺でできる体験: 江馬氏が見守る高原郷~本城から下館まで~, 籾糠山のてっぺんから愛を叫ぼう, 飛騨古川観光ガイド, 人力車, 神岡街めぐりコース, 飛騨里山サイクリング:スタンダード, 天生県立自然公園ガイドウォーク, 飛騨クアオルト健康ウォーキング, 広葉樹フォトブロック作り, カッティングボード作り
- 周辺にある飲食店・おみやげ店: 寄合所耕 飛騨古川SHOP, 前田本店, ぼっか煮 さわ, 飛騨やまさち工房, そば処すごう, 飛騨牛焼肉かをる, 飛騨こうじ 織勢, 北々工房, kino workshop, 飛騨地鶏研究クラブ
- このページを見ている人は、こんなページも見ています: ぼっか煮 さわ, 北々工房, 花の家, 千成寿司, KINKON館, 八起寿司, 飛騨里山サイクリング, 棚田と板倉の風景 宮川町種蔵, 池ケ原湿原, 奥飛騨数河流葉県立自然公園
- このスポットから近い宿泊施設: 志田旅館, ナチュールみやがわ, 板倉の宿種蔵, 旅館 池田荘, みどり館, ペンションYOU, 館弥兵衛, すごうビレッジ修徒館, 飛騨市森林公園キャンプ場, 飛騨古川ユースホステル"
すごうビレッジ修徒館,https://www.hida-kankou.jp/reserve/492,"春は気軽に山菜摘み、夏は日中平均気温20℃という爽やかな環境でのハイキング、 秋は紅葉の山道での散歩、冬は10分以内でスキー場に到着のベストロケーションです。 数河高原は四季折々の見所いっぱい。 ご予約・お問合わせはお電話にて承ります。

- 住所: 509-4201岐阜県飛騨市古川町数河863
- 電話番号: 0120-30-8160
- ウェブサイト1: http://www.satobei.com/syutokan/
- 料金: 素泊まり \5,000~(税別)1泊2食  \6,500~(税別)
- 備考: クレジットカード不可

- 周辺でできる体験: 江馬氏が見守る高原郷~本城から下館まで~, 籾糠山のてっぺんから愛を叫ぼう, 飛騨古川観光ガイド, 人力車, 神岡街めぐりコース, 飛騨里山サイクリング:スタンダード, 天生県立自然公園ガイドウォーク, 飛騨クアオルト健康ウォーキング, 広葉樹フォトブロック作り, カッティングボード作り
- 周辺にある飲食店・おみやげ店: 寄合所耕 飛騨古川SHOP, 前田本店, そば処すごう, 飛騨地鶏研究クラブ, kino workshop, Y*mama*cafe, キンコン館, KINKON館, 喫茶あん, ぼっか煮 さわ
- このページを見ている人は、こんなページも見ています: 北々工房, 古田豆腐店, 居酒屋 源, そば処すごう, 山腰楼, 飛騨牛焼肉かをる, キンコン館, 飛騨里山サイクリング, ナチュールみやがわ, 大坪酒造店
- このスポットから近い宿泊施設: すごうビレッジ修徒館, 館弥兵衛, みどり館, ペンションYOU, 旅館 池田荘, ひだ流葉オートキャンプ場, 山荘志げり, ロッヂ 西山荘, 玉姫高原ロッジ, ロッジ トニマックス"
IORI ICHINOMACHI,https://www.hida-kankou.jp/reserve/526,"有名な瀬戸川と白壁土蔵街のど真ん中に位置する古民家を改修。落ち着いた、飛騨らしい雰囲気を楽しむことができます。地元のカフェと連携し、朝食を提供しております。一棟貸し、プライベート露天風呂付なのでご家族やお友達で自由にゆっくりと滞在することができます。

- 住所: 岐阜県飛騨市古川町壱之町1-14
- 電話番号: 0577-73-2285
- ウェブサイト1: https://iori-stay.com/ja/stays/iori-ichinomachi/
- アクセス: 飛騨古川駅から徒歩5分
- 料金: 21,900円~(2名~6名)人数によって変動
- 備考: wi-fi 有クレジットカード利用可

- 周辺でできる体験: 江馬氏が見守る高原郷~本城から下館まで~, 籾糠山のてっぺんから愛を叫ぼう, 飛騨古川観光ガイド, 人力車, 神岡街めぐりコース, 飛騨里山サイクリング:スタンダード, 天生県立自然公園ガイドウォーク, 飛騨クアオルト健康ウォーキング, 広葉樹フォトブロック作り, カッティングボード作り
- 周辺にある飲食店・おみやげ店: 寄合所耕 飛騨古川SHOP, 前田本店, ソヤ畦畑, 壱之町珈琲店, ほっとする店, えん, カノコヤ~ Kanokoya Coffee & Waffles~, 日根野美術館&Cafe, 古里精肉店, 鳥栄
- このページを見ている人は、こんなページも見ています: 古里精肉店, 牧成舎, 大塚由美子(豆つかげ), ソヤ畦畑, 壱之町珈琲店, じゅうじゅう亭, teppan&sushi 千, 蕎麦正なかや, 自家焙煎珈琲あすなろ, 八兵衛
- このスポットから近い宿泊施設: IORI ICHINOMACHI, IORI KAWANAKA, IORI SETOGAWA, SATOYAMA STAY TONOMACHI, 八ツ三館, 吉城の郷 馬出し橋, 飛騨ともえホテル, 民宿スマイル, IORI GOTO, 料理旅館 初月"
ペンションYOU,https://www.hida-kankou.jp/reserve/491,"標高1,000ｍの爽やかな数河高原。花に囲まれたペンションやまどりは、夏はテニス、ゴルフ、クロスカントリー、冬はスキー、スノーボードと高原スポーツが楽しめます。大人数でも受け入れることができるので、合宿にも適しています。お食事は、飛騨牛や地元の料理を楽しんでいただけます。

- 住所: 509-4201岐阜県飛騨市古川町数河3982-339
- 電話番号: 0577-75-2132
- アクセス: 飛騨古川駅より車で20分 東海北陸自動車道-飛騨清見ICより車で30分
- 料金: 素泊まり 3,500円~(税別)1泊2食  6,500円~(税別)
- 備考: クレジットカード可

- 周辺でできる体験: 江馬氏が見守る高原郷~本城から下館まで~, 籾糠山のてっぺんから愛を叫ぼう, 飛騨古川観光ガイド, 人力車, 神岡街めぐりコース, 飛騨里山サイクリング:スタンダード, 天生県立自然公園ガイドウォーク, 飛騨クアオルト健康ウォーキング, 広葉樹フォトブロック作り, カッティングボード作り
- 周辺にある飲食店・おみやげ店: 寄合所耕 飛騨古川SHOP, 前田本店, そば処すごう, 飛騨地鶏研究クラブ, kino workshop, Y*mama*cafe, 喫茶あん, キンコン館, KINKON館, 居酒屋 源
- このページを見ている人は、こんなページも見ています: 古里精肉店, つるや食堂, アメリカンベーカリー, 居酒屋 味蕾, 飛騨牛焼肉かをる, 居酒屋Dai, 峡や, カノコヤ~ Kanokoya Coffee & Waffles~, 鳥栄, 八起寿司
- このスポットから近い宿泊施設: ペンションYOU, みどり館, 旅館 池田荘, 館弥兵衛, すごうビレッジ修徒館, ひだ流葉オートキャンプ場, 山荘志げり, ロッヂ 西山荘, 玉姫高原ロッジ, ロッジ トニマックス"
